row_type,percent_train,condition,seed,ap_25,ap_50,ap_75,recall_25_top_1000,recall_50_top_1000,job_id,save_name,expected_eval
seed,0.25,scratch,1,0.2077627032995224,0.018279531970620155,0.0026027897838503122,0.9338235259056091,0.27941176295280457,1940120.pbs1,front3d_anchor_b8_maearch_scratch_p25_seed1_rpn200,/groups/gag51404/ide/vgi/NeRF-MAE/output/nerf_rpn/results/front3d_anchor_b8_maearch_scratch_p25_seed1_rpn200_eval/eval.json
seed,0.25,scratch,2,0.2139979600906372,0.02524429000914097,2.3469331154046813e-06,0.9411764740943909,0.3014705777168274,1940123.pbs1,front3d_anchor_b8_maearch_scratch_p25_seed2_rpn200,/groups/gag51404/ide/vgi/NeRF-MAE/output/nerf_rpn/results/front3d_anchor_b8_maearch_scratch_p25_seed2_rpn200_eval/eval.json
seed,0.25,scratch,3,0.21097005903720856,0.015035477466881275,0.00010187015141127631,0.9411764740943909,0.33088234066963196,1940126.pbs1,front3d_anchor_b8_maearch_scratch_p25_seed3_rpn200,/groups/gag51404/ide/vgi/NeRF-MAE/output/nerf_rpn/results/front3d_anchor_b8_maearch_scratch_p25_seed3_rpn200_eval/eval.json
seed,0.25,joint_e300,1,0.11207576096057892,0.007888727821409702,0.0,0.9632353186607361,0.2720588147640228,1940121.pbs1,front3d_anchor_b8_maearch_joint_e300_p25_seed1_rpn200,/groups/gag51404/ide/vgi/NeRF-MAE/output/nerf_rpn/results/front3d_anchor_b8_maearch_joint_e300_p25_seed1_rpn200_eval/eval.json
seed,0.25,joint_e300,2,0.07561048120260239,0.002001354703679681,0.0,0.9411764740943909,0.20588235557079315,1940124.pbs1,front3d_anchor_b8_maearch_joint_e300_p25_seed2_rpn200,/groups/gag51404/ide/vgi/NeRF-MAE/output/nerf_rpn/results/front3d_anchor_b8_maearch_joint_e300_p25_seed2_rpn200_eval/eval.json
seed,0.25,joint_e300,3,0.07602959126234055,0.0058310688473284245,0.0,0.9117646813392639,0.27941176295280457,1940127.pbs1,front3d_anchor_b8_maearch_joint_e300_p25_seed3_rpn200,/groups/gag51404/ide/vgi/NeRF-MAE/output/nerf_rpn/results/front3d_anchor_b8_maearch_joint_e300_p25_seed3_rpn200_eval/eval.json
seed,0.25,cosine_e300,1,0.19838744401931763,0.015237662941217422,0.0,0.9411764740943909,0.31617647409439087,1940122.pbs1,front3d_anchor_b8_maearch_cosine_e300_p25_seed1_rpn200,/groups/gag51404/ide/vgi/NeRF-MAE/output/nerf_rpn/results/front3d_anchor_b8_maearch_cosine_e300_p25_seed1_rpn200_eval/eval.json
seed,0.25,cosine_e300,2,0.1415216326713562,0.0038076015189290047,0.0,0.9485294222831726,0.25735294818878174,1940125.pbs1,front3d_anchor_b8_maearch_cosine_e300_p25_seed2_rpn200,/groups/gag51404/ide/vgi/NeRF-MAE/output/nerf_rpn/results/front3d_anchor_b8_maearch_cosine_e300_p25_seed2_rpn200_eval/eval.json
seed,0.25,cosine_e300,3,0.13905549049377441,0.016680091619491577,0.0,0.9411764740943909,0.25,1940128.pbs1,front3d_anchor_b8_maearch_cosine_e300_p25_seed3_rpn200,/groups/gag51404/ide/vgi/NeRF-MAE/output/nerf_rpn/results/front3d_anchor_b8_maearch_cosine_e300_p25_seed3_rpn200_eval/eval.json
seed,0.50,scratch,1,0.4276297986507416,0.11073897033929825,0.0025296215899288654,0.9558823704719543,0.4485294222831726,1940129.pbs1,front3d_anchor_b8_maearch_scratch_p50_seed1_rpn200,/groups/gag51404/ide/vgi/NeRF-MAE/output/nerf_rpn/results/front3d_anchor_b8_maearch_scratch_p50_seed1_rpn200_eval/eval.json
seed,0.50,scratch,2,0.4344252943992615,0.14954426884651184,9.307520667789504e-05,0.9632353186607361,0.3970588147640228,1940132.pbs1,front3d_anchor_b8_maearch_scratch_p50_seed2_rpn200,/groups/gag51404/ide/vgi/NeRF-MAE/output/nerf_rpn/results/front3d_anchor_b8_maearch_scratch_p50_seed2_rpn200_eval/eval.json
seed,0.50,scratch,3,0.4093323051929474,0.17641542851924896,0.0,0.9485294222831726,0.47058823704719543,1940135.pbs1,front3d_anchor_b8_maearch_scratch_p50_seed3_rpn200,/groups/gag51404/ide/vgi/NeRF-MAE/output/nerf_rpn/results/front3d_anchor_b8_maearch_scratch_p50_seed3_rpn200_eval/eval.json
seed,0.50,joint_e300,1,0.28164130449295044,0.09490138292312622,0.0,0.9558823704719543,0.3897058963775635,1940130.pbs1,front3d_anchor_b8_maearch_joint_e300_p50_seed1_rpn200,/groups/gag51404/ide/vgi/NeRF-MAE/output/nerf_rpn/results/front3d_anchor_b8_maearch_joint_e300_p50_seed1_rpn200_eval/eval.json
seed,0.50,joint_e300,2,0.28711941838264465,0.04863791912794113,0.00021626298257615417,0.9338235259056091,0.33088234066963196,1940133.pbs1,front3d_anchor_b8_maearch_joint_e300_p50_seed2_rpn200,/groups/gag51404/ide/vgi/NeRF-MAE/output/nerf_rpn/results/front3d_anchor_b8_maearch_joint_e300_p50_seed2_rpn200_eval/eval.json
seed,0.50,joint_e300,3,0.17964774370193481,0.032006531953811646,2.6544914362602867e-05,0.9411764740943909,0.30882352590560913,1940136.pbs1,front3d_anchor_b8_maearch_joint_e300_p50_seed3_rpn200,/groups/gag51404/ide/vgi/NeRF-MAE/output/nerf_rpn/results/front3d_anchor_b8_maearch_joint_e300_p50_seed3_rpn200_eval/eval.json
seed,0.50,cosine_e300,1,0.4020564556121826,0.08970831334590912,0.00011488970631035045,0.9632353186607361,0.4264705777168274,1940131.pbs1,front3d_anchor_b8_maearch_cosine_e300_p50_seed1_rpn200,/groups/gag51404/ide/vgi/NeRF-MAE/output/nerf_rpn/results/front3d_anchor_b8_maearch_cosine_e300_p50_seed1_rpn200_eval/eval.json
seed,0.50,cosine_e300,2,0.3081435561180115,0.08415626734495163,0.0005522607825696468,0.9558823704719543,0.41911765933036804,1940134.pbs1,front3d_anchor_b8_maearch_cosine_e300_p50_seed2_rpn200,/groups/gag51404/ide/vgi/NeRF-MAE/output/nerf_rpn/results/front3d_anchor_b8_maearch_cosine_e300_p50_seed2_rpn200_eval/eval.json
seed,0.50,cosine_e300,3,0.38661086559295654,0.12208910286426544,7.0821879489813e-05,0.9558823704719543,0.4852941036224365,1940137.pbs1,front3d_anchor_b8_maearch_cosine_e300_p50_seed3_rpn200,/groups/gag51404/ide/vgi/NeRF-MAE/output/nerf_rpn/results/front3d_anchor_b8_maearch_cosine_e300_p50_seed3_rpn200_eval/eval.json
summary,0.25,scratch,mean±std,0.210910 ± 0.003118,0.019520 ± 0.005216,0.000902 ± 0.001473,0.938725 ± 0.004245,0.303922 ± 0.025823,,,
summary,0.25,joint_e300,mean±std,0.087905 ± 0.020933,0.005240 ± 0.002988,0.000000 ± 0.000000,0.938725 ± 0.025823,0.252451 ± 0.040497,,,
summary,0.25,cosine_e300,mean±std,0.159655 ± 0.033566,0.011908 ± 0.007053,0.000000 ± 0.000000,0.943627 ± 0.004245,0.274510 ± 0.036271,,,
summary,0.50,scratch,mean±std,0.423796 ± 0.012978,0.145566 ± 0.033018,0.000874 ± 0.001434,0.955882 ± 0.007353,0.438725 ± 0.037732,,,
summary,0.50,joint_e300,mean±std,0.249469 ± 0.060529,0.058515 ± 0.032590,0.000081 ± 0.000118,0.943627 ± 0.011232,0.343137 ± 0.041811,,,
summary,0.50,cosine_e300,mean±std,0.365604 ± 0.050358,0.098651 ± 0.020487,0.000246 ± 0.000266,0.958333 ± 0.004245,0.443627 ± 0.036271,,,
