setting,pretrain_data,train_scenes,epochs,scene_epochs,relative_to_paper_f3d_e1200,relative_to_paper_multisource_e1200,ap50,status_or_caveat
"NeRF-MAE (F3D), no aug","paper Front3D",1998,1200,2397600,1.000,0.558,0.543,"paper Table 2"
"NeRF-MAE (F3D), aug","paper Front3D",1998,1200,2397600,1.000,0.558,0.591,"paper Table 2"
"NeRF-MAE (Ours), aug","paper F3D+HM3D+Hypersim",3578,1200,4293600,1.791,1.000,0.630,"paper Table 2; ScanNet excluded from pretrain count"
"baseline_e300","local mixed split",3260,300,978000,0.408,0.228,0.4938,"3 finetune seeds, ABCI clean"
"cosine_ramp_e300","local mixed split",3260,300,978000,0.408,0.228,0.5723,"3 finetune seeds, ABCI clean; seed-1 historical diagnostic also reached 0.5987"
"baseline_e1200","local mixed split",3260,1200,3912000,1.632,0.911,0.5892,"single finetune seed"
"cosine_coord_jitter_e100","local mixed split",3260,100,326000,0.136,0.076,0.5873,"3 finetune seeds; ft seed 1 reached 0.6219"
"surface+cosine+jitter_e300","local mixed split",3260,300,978000,0.408,0.228,0.6397,"single finetune seed; AP@75 weak, localization diagnostic needed"
"paper_loss_e300","local mixed split",3260,300,978000,0.408,0.228,,"pending; kill experiment 1811826 -> 1811827"
