condition,pretrain_seed,finetune_seed,epoch,dataset,scheduler,global_batch,GPU_env,checkpoint_path,eval_path,AP@50,AP@25,AP@75,R50@300,R25@300,fcos_epochs,pretrain_save_name,run_name,source,git_hash,SM_MODE,SM_CONFIDENCE,SM_W_MIN,SM_TAU,SM_K,SM_STOP_GATE_GRAD,SM_RGB_MASK,SM_INPUT_RGB_CURRICULUM,PYR_MODE,PYR_SCALE,PYR_SCHEDULE,PYR_EPOCHS,PYR_ALPHA_POOL,PYR_RGB_POOL,PYR_UPSAMPLE,PYR_ALPHA_UPSAMPLE
alpha_only,,,10,front3d,,,historical,,/groups/gag51404/ide/vgi/NeRF-MAE/results/shortcut_probe_artifacts/eval/nerfmae_alpha_only_p0.1_e10_fcos100_eval/eval.json,0.2422242761,0.6273885965,0.002082445426,0.4485294223,0.9264705777,100,nerfmae_alpha_only_p0.1_e10,nerfmae_alpha_only_p0.1_e10_fcos100_eval,shortcut_probe_artifacts,3a445ee39b859b0fc34aa4306e73ef1758c91c79,,,,,,,,,,,,,,,,
alpha_only,,,30,front3d,,,historical,,/groups/gag51404/ide/vgi/NeRF-MAE/results/shortcut_probe_artifacts/eval/nerfmae_alpha_only_p0.1_e30_epoch30_fcos100_eval/eval.json,0.2271159142,0.6278303862,0.02026223205,0.4411764741,0.9411764741,100,nerfmae_alpha_only_p0.1_e30,nerfmae_alpha_only_p0.1_e30_epoch30_fcos100_eval,shortcut_probe_artifacts,3a445ee39b859b0fc34aa4306e73ef1758c91c79,,,,,,,,,,,,,,,,
alpha_only,,,30,front3d,,,historical,,/groups/gag51404/ide/vgi/NeRF-MAE/results/shortcut_probe_artifacts/eval/nerfmae_alpha_only_p0.1_e30_fcos100_eval/eval.json,0.2092811614,0.60070014,0.008856842294,0.4264705777,0.9191176295,100,nerfmae_alpha_only_p0.1_e30,nerfmae_alpha_only_p0.1_e30_fcos100_eval,shortcut_probe_artifacts,3a445ee39b859b0fc34aa4306e73ef1758c91c79,,,,,,,,,,,,,,,,
alpha_only,,1,30,front3d,,,historical,,/groups/gag51404/ide/vgi/NeRF-MAE/results/shortcut_probe_artifacts/eval/nerfmae_alpha_only_p0.1_e30_epoch30_seed1_fcos100_eval/eval.json,0.1695298702,0.5977424979,0.0004091194423,0.375,0.9264705777,100,nerfmae_alpha_only_p0.1_e30,nerfmae_alpha_only_p0.1_e30_epoch30_seed1_fcos100_eval,shortcut_probe_artifacts,3a445ee39b859b0fc34aa4306e73ef1758c91c79,,,,,,,,,,,,,,,,
alpha_only,,2,30,front3d,,,historical,,/groups/gag51404/ide/vgi/NeRF-MAE/results/shortcut_probe_artifacts/eval/nerfmae_alpha_only_p0.1_e30_epoch30_seed2_fcos100_eval/eval.json,0.2092084438,0.6045953035,0.004541047383,0.3897058964,0.9338235259,100,nerfmae_alpha_only_p0.1_e30,nerfmae_alpha_only_p0.1_e30_epoch30_seed2_fcos100_eval,shortcut_probe_artifacts,3a445ee39b859b0fc34aa4306e73ef1758c91c79,,,,,,,,,,,,,,,,
alpha_only,,3,30,front3d,,,historical,,/groups/gag51404/ide/vgi/NeRF-MAE/results/shortcut_probe_artifacts/eval/nerfmae_alpha_only_p0.1_e30_epoch30_seed3_fcos100_eval/eval.json,0.1937556118,0.6286319494,0.003016591305,0.3970588148,0.9264705777,100,nerfmae_alpha_only_p0.1_e30,nerfmae_alpha_only_p0.1_e30_epoch30_seed3_fcos100_eval,shortcut_probe_artifacts,3a445ee39b859b0fc34aa4306e73ef1758c91c79,,,,,,,,,,,,,,,,
alpha_only,1,1,100,front3d,onecycle_epoch,,historical,,/groups/gag51404/ide/vgi/NeRF-MAE/results/shortcut_probe_artifacts/eval/nerfmae_alpha_only_p0.1_e100_seed1_epoch100_sched_epoch_seed1_fcos100_eval/eval.json,0.4011622667,0.7941122055,0.04569965601,0.6470588446,0.9558823705,100,nerfmae_alpha_only_p0.1_e100_seed1,nerfmae_alpha_only_p0.1_e100_seed1_epoch100_sched_epoch_seed1_fcos100_eval,shortcut_probe_artifacts,3a445ee39b859b0fc34aa4306e73ef1758c91c79,,,,,,,,,,,,,,,,
alpha_only,2,2,100,front3d,onecycle_epoch,,historical,,/groups/gag51404/ide/vgi/NeRF-MAE/results/shortcut_probe_artifacts/eval/nerfmae_alpha_only_p0.1_e100_seed2_epoch100_sched_epoch_seed2_fcos100_eval/eval.json,0.3535423875,0.7891228795,0.03924848139,0.5735294223,0.9485294223,100,nerfmae_alpha_only_p0.1_e100_seed2,nerfmae_alpha_only_p0.1_e100_seed2_epoch100_sched_epoch_seed2_fcos100_eval,shortcut_probe_artifacts,3a445ee39b859b0fc34aa4306e73ef1758c91c79,,,,,,,,,,,,,,,,
alpha_only,3,3,100,front3d,onecycle_epoch,,historical,,/groups/gag51404/ide/vgi/NeRF-MAE/results/shortcut_probe_artifacts/eval/nerfmae_alpha_only_p0.1_e100_seed3_epoch100_sched_epoch_seed3_fcos100_eval/eval.json,0.3775027692,0.7922850251,0.03321898729,0.625,0.9558823705,100,nerfmae_alpha_only_p0.1_e100_seed3,nerfmae_alpha_only_p0.1_e100_seed3_epoch100_sched_epoch_seed3_fcos100_eval,shortcut_probe_artifacts,3a445ee39b859b0fc34aa4306e73ef1758c91c79,,,,,,,,,,,,,,,,
alpha_shuffle,1,1,30,front3d,,,historical,,/groups/gag51404/ide/vgi/NeRF-MAE/results/shortcut_probe_artifacts/eval/nerfmae_alpha_shuffle_p0.1_e30_seed1_epoch30_seed1_fcos100_eval/eval.json,0.1969556063,0.6281291842,0.002450980479,0.3529411852,0.9558823705,100,nerfmae_alpha_shuffle_p0.1_e30_seed1,nerfmae_alpha_shuffle_p0.1_e30_seed1_epoch30_seed1_fcos100_eval,shortcut_probe_artifacts,3a445ee39b859b0fc34aa4306e73ef1758c91c79,,,,,,,,,,,,,,,,
alpha_shuffle,1,1,100,front3d,onecycle_epoch,,historical,,/groups/gag51404/ide/vgi/NeRF-MAE/results/shortcut_probe_artifacts/eval/nerfmae_alpha_shuffle_p0.1_e100_seed1_epoch100_sched_epoch_seed1_fcos100_eval/eval.json,0.3529767394,0.7013976574,0.06076555327,0.5735294223,0.9632353187,100,nerfmae_alpha_shuffle_p0.1_e100_seed1,nerfmae_alpha_shuffle_p0.1_e100_seed1_epoch100_sched_epoch_seed1_fcos100_eval,shortcut_probe_artifacts,3a445ee39b859b0fc34aa4306e73ef1758c91c79,,,,,,,,,,,,,,,,
alpha_target_only,1,1,30,front3d,onecycle_epoch,,historical,,/groups/gag51404/ide/vgi/NeRF-MAE/results/shortcut_probe_artifacts/eval/nerfmae_alpha_target_only_p0.1_e30_seed1_epoch30_sched_epoch_seed1_fcos100_eval/eval.json,0.3649908304,0.7531675696,0.02261725254,0.5808823705,0.9632353187,100,nerfmae_alpha_target_only_p0.1_e30_seed1,nerfmae_alpha_target_only_p0.1_e30_seed1_epoch30_sched_epoch_seed1_fcos100_eval,shortcut_probe_artifacts,3a445ee39b859b0fc34aa4306e73ef1758c91c79,,,,,,,,,,,,,,,,
alpha_target_only,2,2,30,front3d,onecycle_epoch,,historical,,/groups/gag51404/ide/vgi/NeRF-MAE/results/shortcut_probe_artifacts/eval/nerfmae_alpha_target_only_p0.1_e30_seed2_epoch30_sched_epoch_seed2_fcos100_eval/eval.json,0.4111170769,0.753806591,0.03876595572,0.6102941036,0.9558823705,100,nerfmae_alpha_target_only_p0.1_e30_seed2,nerfmae_alpha_target_only_p0.1_e30_seed2_epoch30_sched_epoch_seed2_fcos100_eval,shortcut_probe_artifacts,3a445ee39b859b0fc34aa4306e73ef1758c91c79,,,,,,,,,,,,,,,,
alpha_target_only,3,3,30,front3d,onecycle_epoch,,historical,,/groups/gag51404/ide/vgi/NeRF-MAE/results/shortcut_probe_artifacts/eval/nerfmae_alpha_target_only_p0.1_e30_seed3_epoch30_sched_epoch_seed3_fcos100_eval/eval.json,0.3886598051,0.7503516078,0.02325988188,0.6323529482,0.9485294223,100,nerfmae_alpha_target_only_p0.1_e30_seed3,nerfmae_alpha_target_only_p0.1_e30_seed3_epoch30_sched_epoch_seed3_fcos100_eval,shortcut_probe_artifacts,3a445ee39b859b0fc34aa4306e73ef1758c91c79,,,,,,,,,,,,,,,,
alpha_target_only,1,1,100,front3d,onecycle_epoch,,historical,,/groups/gag51404/ide/vgi/NeRF-MAE/results/shortcut_probe_artifacts/eval/nerfmae_alpha_target_only_p0.1_e100_seed1_epoch100_sched_epoch_pt01_seed1_fcos100_eval/eval.json,0.0746774748,0.4645696878,4.318908032e-05,0.2867647111,0.8970588446,100,nerfmae_alpha_target_only_p0.1_e100_seed1,nerfmae_alpha_target_only_p0.1_e100_seed1_epoch100_sched_epoch_pt01_seed1_fcos100_eval,shortcut_probe_artifacts,3a445ee39b859b0fc34aa4306e73ef1758c91c79,,,,,,,,,,,,,,,,
alpha_target_only,1,1,100,front3d,onecycle_epoch,,historical,,/groups/gag51404/ide/vgi/NeRF-MAE/results/shortcut_probe_artifacts/eval/nerfmae_alpha_target_only_p0.1_e100_seed1_epoch100_sched_epoch_pt02_seed1_fcos100_eval/eval.json,0.1909780502,0.5728234649,0,0.404411763,0.8970588446,100,nerfmae_alpha_target_only_p0.1_e100_seed1,nerfmae_alpha_target_only_p0.1_e100_seed1_epoch100_sched_epoch_pt02_seed1_fcos100_eval,shortcut_probe_artifacts,3a445ee39b859b0fc34aa4306e73ef1758c91c79,,,,,,,,,,,,,,,,
alpha_target_only,1,1,100,front3d,onecycle_epoch,,historical,,/groups/gag51404/ide/vgi/NeRF-MAE/results/shortcut_probe_artifacts/eval/nerfmae_alpha_target_only_p0.1_e100_seed1_epoch100_sched_epoch_seed1_fcos100_eval/eval.json,0.3992772102,0.7726404071,0.02957816422,0.6102941036,0.9558823705,100,nerfmae_alpha_target_only_p0.1_e100_seed1,nerfmae_alpha_target_only_p0.1_e100_seed1_epoch100_sched_epoch_seed1_fcos100_eval,shortcut_probe_artifacts,3a445ee39b859b0fc34aa4306e73ef1758c91c79,,,,,,,,,,,,,,,,
alpha_target_only,2,2,100,front3d,onecycle_epoch,,historical,,/groups/gag51404/ide/vgi/NeRF-MAE/results/shortcut_probe_artifacts/eval/nerfmae_alpha_target_only_p0.1_e100_seed2_epoch100_sched_epoch_seed2_fcos100_eval/eval.json,0.4815259874,0.7643888593,0.01473048422,0.6617646813,0.9558823705,100,nerfmae_alpha_target_only_p0.1_e100_seed2,nerfmae_alpha_target_only_p0.1_e100_seed2_epoch100_sched_epoch_seed2_fcos100_eval,shortcut_probe_artifacts,3a445ee39b859b0fc34aa4306e73ef1758c91c79,,,,,,,,,,,,,,,,
alpha_target_only,3,3,100,front3d,onecycle_epoch,,historical,,/groups/gag51404/ide/vgi/NeRF-MAE/results/shortcut_probe_artifacts/eval/nerfmae_alpha_target_only_p0.1_e100_seed3_epoch100_sched_epoch_seed3_fcos100_eval/eval.json,0.429562062,0.7705959678,0.04351386055,0.6323529482,0.9485294223,100,nerfmae_alpha_target_only_p0.1_e100_seed3,nerfmae_alpha_target_only_p0.1_e100_seed3_epoch100_sched_epoch_seed3_fcos100_eval,shortcut_probe_artifacts,3a445ee39b859b0fc34aa4306e73ef1758c91c79,,,,,,,,,,,,,,,,
alpha_target_only,1,1,1200,front3d,onecycle_epoch,,historical,,/groups/gag51404/ide/vgi/NeRF-MAE/results/shortcut_probe_artifacts/eval/nerfmae_alpha_target_only_p1.0_e1200_seed1_epoch1200_sched_epoch_seed1_fcos1000_eval/eval.json,0.4251146615,0.7631344199,0.04724784568,0.625,0.9411764741,1000,nerfmae_alpha_target_only_p1.0_e1200_seed1,nerfmae_alpha_target_only_p1.0_e1200_seed1_epoch1200_sched_epoch_seed1_fcos1000_eval,shortcut_probe_artifacts,3a445ee39b859b0fc34aa4306e73ef1758c91c79,,,,,,,,,,,,,,,,
alpha_target_only,1,1,1200,front3d,onecycle_epoch,,historical,,/groups/gag51404/ide/vgi/NeRF-MAE/results/shortcut_probe_artifacts/eval/nerfmae_alpha_target_only_p1.0_e1200_seed1_epoch1200_sched_epoch_seed1_fcos1000_resume_from785_eval/eval.json,0.4602350593,0.7198333144,0.07286515832,0.6323529482,0.9264705777,1000,nerfmae_alpha_target_only_p1.0_e1200_seed1,nerfmae_alpha_target_only_p1.0_e1200_seed1_epoch1200_sched_epoch_seed1_fcos1000_resume_from785_eval,shortcut_probe_artifacts,3a445ee39b859b0fc34aa4306e73ef1758c91c79,,,,,,,,,,,,,,,,
alpha_target_only_coord_jitter,1,1,100,front3d,onecycle_epoch,16,ABCI3_1n8g_gb16_det0,/groups/gag51404/ide/vgi/NeRF-MAE/output/nerf_mae/results/nerfmae_alpha_target_only_coord_jitter_p1.0_e100_seed1_abci3diag_opt1n8g_det0/epoch_100.pt,/groups/gag51404/ide/vgi/NeRF-MAE/output/nerf_rpn/results/nerfmae_alpha_target_only_coord_jitter_p1.0_e100_seed1_abci3diag_opt1n8g_det0_epoch100_sched_epoch_seed1_fcos1000_eval/eval.json,0.4953578413,0.7887663245,0.06215588376,0.6323529482,0.9411764741,1000,nerfmae_alpha_target_only_coord_jitter_p1.0_e100_seed1_abci3diag_opt1n8g_det0,nerfmae_alpha_target_only_coord_jitter_p1.0_e100_seed1_abci3diag_opt1n8g_det0_epoch100_sched_epoch_seed1_fcos1000_eval,output,3a445ee39b859b0fc34aa4306e73ef1758c91c79,,,,,,,,,,,,,,,,
alpha_target_only_no_pos,1,1,100,front3d,onecycle_epoch,16,ABCI3_1n8g_gb16_det0,/groups/gag51404/ide/vgi/NeRF-MAE/output/nerf_mae/results/nerfmae_alpha_target_only_no_pos_p1.0_e100_seed1_abci3diag_opt1n8g_det0/epoch_100.pt,/groups/gag51404/ide/vgi/NeRF-MAE/output/nerf_rpn/results/nerfmae_alpha_target_only_no_pos_p1.0_e100_seed1_abci3diag_opt1n8g_det0_epoch100_sched_epoch_seed1_fcos1000_eval/eval.json,0.4015451074,0.7394335866,0.07254751027,0.5955882072,0.9338235259,1000,nerfmae_alpha_target_only_no_pos_p1.0_e100_seed1_abci3diag_opt1n8g_det0,nerfmae_alpha_target_only_no_pos_p1.0_e100_seed1_abci3diag_opt1n8g_det0_epoch100_sched_epoch_seed1_fcos1000_eval,output,3a445ee39b859b0fc34aa4306e73ef1758c91c79,,,,,,,,,,,,,,,,
alpha_target_shuffle,1,1,30,front3d,onecycle_epoch,,historical,,/groups/gag51404/ide/vgi/NeRF-MAE/results/shortcut_probe_artifacts/eval/nerfmae_alpha_target_shuffle_p0.1_e30_seed1_epoch30_sched_epoch_seed1_fcos100_eval/eval.json,0.2888383567,0.7394817472,0.02188835852,0.5073529482,0.9411764741,100,nerfmae_alpha_target_shuffle_p0.1_e30_seed1,nerfmae_alpha_target_shuffle_p0.1_e30_seed1_epoch30_sched_epoch_seed1_fcos100_eval,shortcut_probe_artifacts,3a445ee39b859b0fc34aa4306e73ef1758c91c79,,,,,,,,,,,,,,,,
alpha_target_shuffle,2,2,30,front3d,onecycle_epoch,,historical,,/groups/gag51404/ide/vgi/NeRF-MAE/results/shortcut_probe_artifacts/eval/nerfmae_alpha_target_shuffle_p0.1_e30_seed2_epoch30_sched_epoch_seed2_fcos100_eval/eval.json,0.4048815668,0.7990787029,0.0360217914,0.5735294223,0.9558823705,100,nerfmae_alpha_target_shuffle_p0.1_e30_seed2,nerfmae_alpha_target_shuffle_p0.1_e30_seed2_epoch30_sched_epoch_seed2_fcos100_eval,shortcut_probe_artifacts,3a445ee39b859b0fc34aa4306e73ef1758c91c79,,,,,,,,,,,,,,,,
alpha_target_shuffle,3,3,30,front3d,onecycle_epoch,,historical,,/groups/gag51404/ide/vgi/NeRF-MAE/results/shortcut_probe_artifacts/eval/nerfmae_alpha_target_shuffle_p0.1_e30_seed3_epoch30_sched_epoch_seed3_fcos100_eval/eval.json,0.1802079529,0.7192661762,0,0.3676470518,0.9338235259,100,nerfmae_alpha_target_shuffle_p0.1_e30_seed3,nerfmae_alpha_target_shuffle_p0.1_e30_seed3_epoch30_sched_epoch_seed3_fcos100_eval,shortcut_probe_artifacts,3a445ee39b859b0fc34aa4306e73ef1758c91c79,,,,,,,,,,,,,,,,
alpha_target_shuffle,1,1,100,front3d,onecycle_epoch,,historical,,/groups/gag51404/ide/vgi/NeRF-MAE/results/shortcut_probe_artifacts/eval/nerfmae_alpha_target_shuffle_p0.1_e100_seed1_epoch100_sched_epoch_seed1_fcos100_eval/eval.json,0.3904214799,0.7646982074,0.02782164514,0.6029411554,0.9338235259,100,nerfmae_alpha_target_shuffle_p0.1_e100_seed1,nerfmae_alpha_target_shuffle_p0.1_e100_seed1_epoch100_sched_epoch_seed1_fcos100_eval,shortcut_probe_artifacts,3a445ee39b859b0fc34aa4306e73ef1758c91c79,,,,,,,,,,,,,,,,
alpha_target_shuffle,2,2,100,front3d,onecycle_epoch,,historical,,/groups/gag51404/ide/vgi/NeRF-MAE/results/shortcut_probe_artifacts/eval/nerfmae_alpha_target_shuffle_p0.1_e100_seed2_epoch100_sched_epoch_seed2_fcos100_eval/eval.json,0.3906883299,0.7627431154,0.01184947416,0.625,0.9485294223,100,nerfmae_alpha_target_shuffle_p0.1_e100_seed2,nerfmae_alpha_target_shuffle_p0.1_e100_seed2_epoch100_sched_epoch_seed2_fcos100_eval,shortcut_probe_artifacts,3a445ee39b859b0fc34aa4306e73ef1758c91c79,,,,,,,,,,,,,,,,
alpha_target_shuffle,3,3,100,front3d,onecycle_epoch,,historical,,/groups/gag51404/ide/vgi/NeRF-MAE/results/shortcut_probe_artifacts/eval/nerfmae_alpha_target_shuffle_p0.1_e100_seed3_epoch100_sched_epoch_seed3_fcos100_eval/eval.json,0.1664771736,0.6794006228,0,0.3970588148,0.9485294223,100,nerfmae_alpha_target_shuffle_p0.1_e100_seed3,nerfmae_alpha_target_shuffle_p0.1_e100_seed3_epoch100_sched_epoch_seed3_fcos100_eval,shortcut_probe_artifacts,3a445ee39b859b0fc34aa4306e73ef1758c91c79,,,,,,,,,,,,,,,,
alpha_target_tiny_rgb_w0p02,1,1,30,front3d,onecycle_epoch,,historical,,/groups/gag51404/ide/vgi/NeRF-MAE/results/shortcut_probe_artifacts/eval/nerfmae_alpha_target_tiny_rgb_w0p02_p0.1_e30_seed1_epoch30_sched_epoch_pt02_seed1_fcos100_eval/eval.json,0.2059379965,0.5797986984,0.001225490239,0.375,0.9117646813,100,nerfmae_alpha_target_tiny_rgb_w0p02_p0.1_e30_seed1,nerfmae_alpha_target_tiny_rgb_w0p02_p0.1_e30_seed1_epoch30_sched_epoch_pt02_seed1_fcos100_eval,shortcut_probe_artifacts,3a445ee39b859b0fc34aa4306e73ef1758c91c79,,,,,,,,,,,,,,,,
alpha_target_tiny_rgb_w0p02,1,1,30,front3d,onecycle_epoch,,historical,,/groups/gag51404/ide/vgi/NeRF-MAE/results/shortcut_probe_artifacts/eval/nerfmae_alpha_target_tiny_rgb_w0p02_p0.1_e30_seed1_epoch30_sched_epoch_seed1_fcos100_eval/eval.json,0.4068030715,0.7736238241,0.03974821419,0.5808823705,0.9632353187,100,nerfmae_alpha_target_tiny_rgb_w0p02_p0.1_e30_seed1,nerfmae_alpha_target_tiny_rgb_w0p02_p0.1_e30_seed1_epoch30_sched_epoch_seed1_fcos100_eval,shortcut_probe_artifacts,3a445ee39b859b0fc34aa4306e73ef1758c91c79,,,,,,,,,,,,,,,,
alpha_target_tiny_rgb_w0p02,1,1,100,front3d,onecycle_epoch,,historical,,/groups/gag51404/ide/vgi/NeRF-MAE/results/shortcut_probe_artifacts/eval/nerfmae_alpha_target_tiny_rgb_w0p02_p0.1_e100_seed1_epoch100_sched_epoch_pt02_seed1_fcos100_eval/eval.json,0.1955671161,0.5818431377,0.0006127451197,0.3823529482,0.9044117928,100,nerfmae_alpha_target_tiny_rgb_w0p02_p0.1_e100_seed1,nerfmae_alpha_target_tiny_rgb_w0p02_p0.1_e100_seed1_epoch100_sched_epoch_pt02_seed1_fcos100_eval,shortcut_probe_artifacts,3a445ee39b859b0fc34aa4306e73ef1758c91c79,,,,,,,,,,,,,,,,
alpha_target_tiny_rgb_w0p02,1,1,100,front3d,onecycle_epoch,,historical,,/groups/gag51404/ide/vgi/NeRF-MAE/results/shortcut_probe_artifacts/eval/nerfmae_alpha_target_tiny_rgb_w0p02_p0.1_e100_seed1_epoch100_sched_epoch_seed1_fcos100_eval/eval.json,0.4515755773,0.7668242455,0.03395064175,0.5955882072,0.9558823705,100,nerfmae_alpha_target_tiny_rgb_w0p02_p0.1_e100_seed1,nerfmae_alpha_target_tiny_rgb_w0p02_p0.1_e100_seed1_epoch100_sched_epoch_seed1_fcos100_eval,shortcut_probe_artifacts,3a445ee39b859b0fc34aa4306e73ef1758c91c79,,,,,,,,,,,,,,,,
alpha_target_tiny_rgb_w0p02,2,2,100,front3d,onecycle_epoch,,historical,,/groups/gag51404/ide/vgi/NeRF-MAE/results/shortcut_probe_artifacts/eval/nerfmae_alpha_target_tiny_rgb_w0p02_p0.1_e100_seed2_epoch100_sched_epoch_pt02_seed2_fcos100_eval/eval.json,0.1892932355,0.5912457705,0,0.3529411852,0.9117646813,100,nerfmae_alpha_target_tiny_rgb_w0p02_p0.1_e100_seed2,nerfmae_alpha_target_tiny_rgb_w0p02_p0.1_e100_seed2_epoch100_sched_epoch_pt02_seed2_fcos100_eval,shortcut_probe_artifacts,3a445ee39b859b0fc34aa4306e73ef1758c91c79,,,,,,,,,,,,,,,,
alpha_target_tiny_rgb_w0p02,2,2,100,front3d,onecycle_epoch,,historical,,/groups/gag51404/ide/vgi/NeRF-MAE/results/shortcut_probe_artifacts/eval/nerfmae_alpha_target_tiny_rgb_w0p02_p0.1_e100_seed2_epoch100_sched_epoch_seed2_fcos100_eval/eval.json,0.4028555155,0.7499632835,0.02807408385,0.5955882072,0.9558823705,100,nerfmae_alpha_target_tiny_rgb_w0p02_p0.1_e100_seed2,nerfmae_alpha_target_tiny_rgb_w0p02_p0.1_e100_seed2_epoch100_sched_epoch_seed2_fcos100_eval,shortcut_probe_artifacts,3a445ee39b859b0fc34aa4306e73ef1758c91c79,,,,,,,,,,,,,,,,
alpha_target_tiny_rgb_w0p02,3,3,100,front3d,onecycle_epoch,,historical,,/groups/gag51404/ide/vgi/NeRF-MAE/results/shortcut_probe_artifacts/eval/nerfmae_alpha_target_tiny_rgb_w0p02_p0.1_e100_seed3_epoch100_sched_epoch_pt02_seed3_fcos100_eval/eval.json,0.1176842377,0.569245398,0.0005708204699,0.345588237,0.9044117928,100,nerfmae_alpha_target_tiny_rgb_w0p02_p0.1_e100_seed3,nerfmae_alpha_target_tiny_rgb_w0p02_p0.1_e100_seed3_epoch100_sched_epoch_pt02_seed3_fcos100_eval,shortcut_probe_artifacts,3a445ee39b859b0fc34aa4306e73ef1758c91c79,,,,,,,,,,,,,,,,
alpha_target_tiny_rgb_w0p02,3,3,100,front3d,onecycle_epoch,,historical,,/groups/gag51404/ide/vgi/NeRF-MAE/results/shortcut_probe_artifacts/eval/nerfmae_alpha_target_tiny_rgb_w0p02_p0.1_e100_seed3_epoch100_sched_epoch_seed3_fcos100_eval/eval.json,0.3946998417,0.7719257474,0.03711972013,0.5955882072,0.9411764741,100,nerfmae_alpha_target_tiny_rgb_w0p02_p0.1_e100_seed3,nerfmae_alpha_target_tiny_rgb_w0p02_p0.1_e100_seed3_epoch100_sched_epoch_seed3_fcos100_eval,shortcut_probe_artifacts,3a445ee39b859b0fc34aa4306e73ef1758c91c79,,,,,,,,,,,,,,,,
alpha_target_tiny_rgb_w0p05,1,1,30,front3d,onecycle_epoch,,historical,,/groups/gag51404/ide/vgi/NeRF-MAE/results/shortcut_probe_artifacts/eval/nerfmae_alpha_target_tiny_rgb_w0p05_p0.1_e30_seed1_epoch30_sched_epoch_pt02_seed1_fcos100_eval/eval.json,0.1611976027,0.570325911,0,0.3897058964,0.9117646813,100,nerfmae_alpha_target_tiny_rgb_w0p05_p0.1_e30_seed1,nerfmae_alpha_target_tiny_rgb_w0p05_p0.1_e30_seed1_epoch30_sched_epoch_pt02_seed1_fcos100_eval,shortcut_probe_artifacts,3a445ee39b859b0fc34aa4306e73ef1758c91c79,,,,,,,,,,,,,,,,
alpha_target_tiny_rgb_w0p05,1,1,30,front3d,onecycle_epoch,,historical,,/groups/gag51404/ide/vgi/NeRF-MAE/results/shortcut_probe_artifacts/eval/nerfmae_alpha_target_tiny_rgb_w0p05_p0.1_e30_seed1_epoch30_sched_epoch_seed1_fcos100_eval/eval.json,0.3606383204,0.7470249534,0.05575363711,0.5808823705,0.9558823705,100,nerfmae_alpha_target_tiny_rgb_w0p05_p0.1_e30_seed1,nerfmae_alpha_target_tiny_rgb_w0p05_p0.1_e30_seed1_epoch30_sched_epoch_seed1_fcos100_eval,shortcut_probe_artifacts,3a445ee39b859b0fc34aa4306e73ef1758c91c79,,,,,,,,,,,,,,,,
alpha_target_tiny_rgb_w0p1,1,1,30,front3d,onecycle_epoch,,historical,,/groups/gag51404/ide/vgi/NeRF-MAE/results/shortcut_probe_artifacts/eval/nerfmae_alpha_target_tiny_rgb_w0p1_p0.1_e30_seed1_epoch30_sched_epoch_pt02_seed1_fcos100_eval/eval.json,0.1227981523,0.5404191017,0.001725113252,0.345588237,0.9264705777,100,nerfmae_alpha_target_tiny_rgb_w0p1_p0.1_e30_seed1,nerfmae_alpha_target_tiny_rgb_w0p1_p0.1_e30_seed1_epoch30_sched_epoch_pt02_seed1_fcos100_eval,shortcut_probe_artifacts,3a445ee39b859b0fc34aa4306e73ef1758c91c79,,,,,,,,,,,,,,,,
alpha_target_tiny_rgb_w0p1,1,1,30,front3d,onecycle_epoch,,historical,,/groups/gag51404/ide/vgi/NeRF-MAE/results/shortcut_probe_artifacts/eval/nerfmae_alpha_target_tiny_rgb_w0p1_p0.1_e30_seed1_epoch30_sched_epoch_seed1_fcos100_eval/eval.json,0.3748962283,0.7650598288,0.05930922553,0.5955882072,0.9632353187,100,nerfmae_alpha_target_tiny_rgb_w0p1_p0.1_e30_seed1,nerfmae_alpha_target_tiny_rgb_w0p1_p0.1_e30_seed1_epoch30_sched_epoch_seed1_fcos100_eval,shortcut_probe_artifacts,3a445ee39b859b0fc34aa4306e73ef1758c91c79,,,,,,,,,,,,,,,,
alpha_target_zero,1,1,30,front3d,onecycle_epoch,,historical,,/groups/gag51404/ide/vgi/NeRF-MAE/results/shortcut_probe_artifacts/eval/nerfmae_alpha_target_zero_p0.1_e30_seed1_epoch30_sched_epoch_seed1_fcos100_eval/eval.json,0.3824796081,0.7576445341,0.05244418979,0.5441176295,0.9558823705,100,nerfmae_alpha_target_zero_p0.1_e30_seed1,nerfmae_alpha_target_zero_p0.1_e30_seed1_epoch30_sched_epoch_seed1_fcos100_eval,shortcut_probe_artifacts,3a445ee39b859b0fc34aa4306e73ef1758c91c79,,,,,,,,,,,,,,,,
alpha_target_zero,2,2,30,front3d,onecycle_epoch,,historical,,/groups/gag51404/ide/vgi/NeRF-MAE/results/shortcut_probe_artifacts/eval/nerfmae_alpha_target_zero_p0.1_e30_seed2_epoch30_sched_epoch_seed2_fcos100_eval/eval.json,0.3342956305,0.7382969856,0.01898647286,0.5220588446,0.9485294223,100,nerfmae_alpha_target_zero_p0.1_e30_seed2,nerfmae_alpha_target_zero_p0.1_e30_seed2_epoch30_sched_epoch_seed2_fcos100_eval,shortcut_probe_artifacts,3a445ee39b859b0fc34aa4306e73ef1758c91c79,,,,,,,,,,,,,,,,
alpha_target_zero,3,3,30,front3d,onecycle_epoch,,historical,,/groups/gag51404/ide/vgi/NeRF-MAE/results/shortcut_probe_artifacts/eval/nerfmae_alpha_target_zero_p0.1_e30_seed3_epoch30_sched_epoch_seed3_fcos100_eval/eval.json,0.370318532,0.7438551188,0.04339637607,0.5955882072,0.9558823705,100,nerfmae_alpha_target_zero_p0.1_e30_seed3,nerfmae_alpha_target_zero_p0.1_e30_seed3_epoch30_sched_epoch_seed3_fcos100_eval,shortcut_probe_artifacts,3a445ee39b859b0fc34aa4306e73ef1758c91c79,,,,,,,,,,,,,,,,
alpha_target_zero,1,1,100,front3d,onecycle_epoch,,historical,,/groups/gag51404/ide/vgi/NeRF-MAE/results/shortcut_probe_artifacts/eval/nerfmae_alpha_target_zero_p0.1_e100_seed1_epoch100_sched_epoch_seed1_fcos100_eval/eval.json,0.3221003711,0.7863352299,0.04177629575,0.5294117928,0.9558823705,100,nerfmae_alpha_target_zero_p0.1_e100_seed1,nerfmae_alpha_target_zero_p0.1_e100_seed1_epoch100_sched_epoch_seed1_fcos100_eval,shortcut_probe_artifacts,3a445ee39b859b0fc34aa4306e73ef1758c91c79,,,,,,,,,,,,,,,,
alpha_target_zero,2,2,100,front3d,onecycle_epoch,,historical,,/groups/gag51404/ide/vgi/NeRF-MAE/results/shortcut_probe_artifacts/eval/nerfmae_alpha_target_zero_p0.1_e100_seed2_epoch100_sched_epoch_seed2_fcos100_eval/eval.json,0.411927104,0.7395077348,0.03019955382,0.6397058964,0.9558823705,100,nerfmae_alpha_target_zero_p0.1_e100_seed2,nerfmae_alpha_target_zero_p0.1_e100_seed2_epoch100_sched_epoch_seed2_fcos100_eval,shortcut_probe_artifacts,3a445ee39b859b0fc34aa4306e73ef1758c91c79,,,,,,,,,,,,,,,,
alpha_target_zero,3,3,100,front3d,onecycle_epoch,,historical,,/groups/gag51404/ide/vgi/NeRF-MAE/results/shortcut_probe_artifacts/eval/nerfmae_alpha_target_zero_p0.1_e100_seed3_epoch100_sched_epoch_seed3_fcos100_eval/eval.json,0.1872241795,0.703966856,0,0.375,0.9411764741,100,nerfmae_alpha_target_zero_p0.1_e100_seed3,nerfmae_alpha_target_zero_p0.1_e100_seed3_epoch100_sched_epoch_seed3_fcos100_eval,shortcut_probe_artifacts,3a445ee39b859b0fc34aa4306e73ef1758c91c79,,,,,,,,,,,,,,,,
baseline,,,10,front3d,,,historical,,/groups/gag51404/ide/vgi/NeRF-MAE/results/shortcut_probe_artifacts/eval/nerfmae_all_p0.1_e10_fcos100_eval/eval.json,0.231759131,0.6096354127,0.00840346422,0.5147058964,0.9558823705,100,nerfmae_all_p0.1_e10,nerfmae_all_p0.1_e10_fcos100_eval,shortcut_probe_artifacts,3a445ee39b859b0fc34aa4306e73ef1758c91c79,,,,,,,,,,,,,,,,
baseline,,,30,front3d,,,historical,,/groups/gag51404/ide/vgi/NeRF-MAE/results/shortcut_probe_artifacts/eval/nerfmae_all_p0.1_e30_epoch30_fcos100_eval/eval.json,0.1929389536,0.6302868128,0.007352941204,0.4191176593,0.9338235259,100,nerfmae_all_p0.1_e30,nerfmae_all_p0.1_e30_epoch30_fcos100_eval,shortcut_probe_artifacts,3a445ee39b859b0fc34aa4306e73ef1758c91c79,,,,,,,,,,,,,,,,
baseline,,,30,front3d,,,historical,,/groups/gag51404/ide/vgi/NeRF-MAE/results/shortcut_probe_artifacts/eval/nerfmae_all_p0.1_e30_fcos100_eval/eval.json,0.1898546815,0.6157488227,0.001857585157,0.404411763,0.9558823705,100,nerfmae_all_p0.1_e30,nerfmae_all_p0.1_e30_fcos100_eval,shortcut_probe_artifacts,3a445ee39b859b0fc34aa4306e73ef1758c91c79,,,,,,,,,,,,,,,,
baseline,,1,30,front3d,,,historical,,/groups/gag51404/ide/vgi/NeRF-MAE/results/shortcut_probe_artifacts/eval/nerfmae_all_p0.1_e30_epoch30_seed1_fcos100_eval/eval.json,0.2275614738,0.6649795771,0.008001829498,0.4926470518,0.9558823705,100,nerfmae_all_p0.1_e30,nerfmae_all_p0.1_e30_epoch30_seed1_fcos100_eval,shortcut_probe_artifacts,3a445ee39b859b0fc34aa4306e73ef1758c91c79,,,,,,,,,,,,,,,,
baseline,,2,30,front3d,,,historical,,/groups/gag51404/ide/vgi/NeRF-MAE/results/shortcut_probe_artifacts/eval/nerfmae_all_p0.1_e30_epoch30_seed2_fcos100_eval/eval.json,0.1672333032,0.6889219284,0.001313025248,0.404411763,0.9411764741,100,nerfmae_all_p0.1_e30,nerfmae_all_p0.1_e30_epoch30_seed2_fcos100_eval,shortcut_probe_artifacts,3a445ee39b859b0fc34aa4306e73ef1758c91c79,,,,,,,,,,,,,,,,
baseline,,3,30,front3d,,,historical,,/groups/gag51404/ide/vgi/NeRF-MAE/results/shortcut_probe_artifacts/eval/nerfmae_all_p0.1_e30_epoch30_seed3_fcos100_eval/eval.json,0.03913474828,0.5480294228,0,0.1985294074,0.9264705777,100,nerfmae_all_p0.1_e30,nerfmae_all_p0.1_e30_epoch30_seed3_fcos100_eval,shortcut_probe_artifacts,3a445ee39b859b0fc34aa4306e73ef1758c91c79,,,,,,,,,,,,,,,,
baseline,1,1,100,front3d,onecycle_epoch,,historical,,/groups/gag51404/ide/vgi/NeRF-MAE/results/shortcut_probe_artifacts/eval/nerfmae_all_p0.1_e100_seed1_epoch100_sched_epoch_pt01_seed1_fcos100_eval/eval.json,0.1238389686,0.4867981374,0.0009191176505,0.3308823407,0.8676470518,100,nerfmae_all_p0.1_e100_seed1,nerfmae_all_p0.1_e100_seed1_epoch100_sched_epoch_pt01_seed1_fcos100_eval,shortcut_probe_artifacts,3a445ee39b859b0fc34aa4306e73ef1758c91c79,,,,,,,,,,,,,,,,
baseline,1,1,100,front3d,onecycle_epoch,,historical,,/groups/gag51404/ide/vgi/NeRF-MAE/results/shortcut_probe_artifacts/eval/nerfmae_all_p0.1_e100_seed1_epoch100_sched_epoch_pt02_seed1_fcos100_eval/eval.json,0.1827935129,0.5728745461,0.0007456769818,0.4117647111,0.9117646813,100,nerfmae_all_p0.1_e100_seed1,nerfmae_all_p0.1_e100_seed1_epoch100_sched_epoch_pt02_seed1_fcos100_eval,shortcut_probe_artifacts,3a445ee39b859b0fc34aa4306e73ef1758c91c79,,,,,,,,,,,,,,,,
baseline,1,1,100,front3d,onecycle_epoch,,historical,,/groups/gag51404/ide/vgi/NeRF-MAE/results/shortcut_probe_artifacts/eval/nerfmae_all_p0.1_e100_seed1_epoch100_sched_epoch_seed1_fcos100_eval/eval.json,0.4227178097,0.7779117227,0.02493258193,0.6323529482,0.9632353187,100,nerfmae_all_p0.1_e100_seed1,nerfmae_all_p0.1_e100_seed1_epoch100_sched_epoch_seed1_fcos100_eval,shortcut_probe_artifacts,3a445ee39b859b0fc34aa4306e73ef1758c91c79,,,,,,,,,,,,,,,,
baseline,2,2,100,front3d,onecycle_epoch,,historical,,/groups/gag51404/ide/vgi/NeRF-MAE/results/shortcut_probe_artifacts/eval/nerfmae_all_p0.1_e100_seed2_epoch100_sched_epoch_seed2_fcos100_eval/eval.json,0.419762671,0.7742845416,0.05149633065,0.5955882072,0.9558823705,100,nerfmae_all_p0.1_e100_seed2,nerfmae_all_p0.1_e100_seed2_epoch100_sched_epoch_seed2_fcos100_eval,shortcut_probe_artifacts,3a445ee39b859b0fc34aa4306e73ef1758c91c79,,,,,,,,,,,,,,,,
baseline,3,3,100,front3d,onecycle_epoch,,historical,,/groups/gag51404/ide/vgi/NeRF-MAE/results/shortcut_probe_artifacts/eval/nerfmae_all_p0.1_e100_seed3_epoch100_sched_epoch_seed3_fcos100_eval/eval.json,0.2707151175,0.7342244983,0,0.4411764741,0.9558823705,100,nerfmae_all_p0.1_e100_seed3,nerfmae_all_p0.1_e100_seed3_epoch100_sched_epoch_seed3_fcos100_eval,shortcut_probe_artifacts,3a445ee39b859b0fc34aa4306e73ef1758c91c79,,,,,,,,,,,,,,,,
baseline,1,1,300,front3d,onecycle_epoch,,ABCI3_clean,/groups/gag51404/ide/vgi/NeRF-MAE/output/nerf_mae/results/nerfmae_all_p1.0_e300_seed1/epoch_300.pt,/groups/gag51404/ide/vgi/NeRF-MAE/output/nerf_rpn/results/nerfmae_all_p1.0_e300_seed1_abci3clean_epoch300_sched_epoch_seed1_fcos1000_eval/eval.json,0.469525218,0.7955638766,0.08689131588,0.6617646813,0.9558823705,1000,nerfmae_all_p1.0_e300_seed1_abci3clean,nerfmae_all_p1.0_e300_seed1_abci3clean_epoch300_sched_epoch_seed1_fcos1000_eval,output,3a445ee39b859b0fc34aa4306e73ef1758c91c79,,,,,,,,,,,,,,,,
baseline,1,1,300,front3d,onecycle_epoch,,historical,/groups/gag51404/ide/vgi/NeRF-MAE/output/nerf_mae/results/nerfmae_all_p1.0_e300_seed1/epoch_300.pt,/groups/gag51404/ide/vgi/NeRF-MAE/results/shortcut_probe_artifacts/eval/nerfmae_all_p1.0_e300_seed1_epoch300_sched_epoch_seed1_fcos1000_diagnostics/eval.json,0.4902581871,0.7818590999,0.1009479091,0.6617646813,0.9558823705,1000,nerfmae_all_p1.0_e300_seed1,nerfmae_all_p1.0_e300_seed1_epoch300_sched_epoch_seed1_fcos1000_diagnostics,shortcut_probe_artifacts,3a445ee39b859b0fc34aa4306e73ef1758c91c79,,,,,,,,,,,,,,,,
baseline,1,1,300,front3d,onecycle_epoch,,historical,/groups/gag51404/ide/vgi/NeRF-MAE/output/nerf_mae/results/nerfmae_all_p1.0_e300_seed1/epoch_300.pt,/groups/gag51404/ide/vgi/NeRF-MAE/results/shortcut_probe_artifacts/eval/nerfmae_all_p1.0_e300_seed1_epoch300_sched_epoch_seed1_fcos1000_eval/eval.json,0.4902561903,0.7818291187,0.1009751409,0.6617646813,0.9558823705,1000,nerfmae_all_p1.0_e300_seed1,nerfmae_all_p1.0_e300_seed1_epoch300_sched_epoch_seed1_fcos1000_eval,shortcut_probe_artifacts,3a445ee39b859b0fc34aa4306e73ef1758c91c79,,,,,,,,,,,,,,,,
baseline,1,2,300,front3d,onecycle_epoch,,ABCI3_clean,/groups/gag51404/ide/vgi/NeRF-MAE/output/nerf_mae/results/nerfmae_all_p1.0_e300_seed1/epoch_300.pt,/groups/gag51404/ide/vgi/NeRF-MAE/output/nerf_rpn/results/nerfmae_all_p1.0_e300_seed1_abci3clean_epoch300_sched_epoch_preseed1_ftseed2_fcos1000_eval/eval.json,0.486181289,0.7902630568,0.09156749398,0.625,0.9558823705,1000,nerfmae_all_p1.0_e300_seed1_abci3clean,nerfmae_all_p1.0_e300_seed1_abci3clean_epoch300_sched_epoch_preseed1_ftseed2_fcos1000_eval,output,3a445ee39b859b0fc34aa4306e73ef1758c91c79,,,,,,,,,,,,,,,,
baseline,1,3,300,front3d,onecycle_epoch,,ABCI3_clean,/groups/gag51404/ide/vgi/NeRF-MAE/output/nerf_mae/results/nerfmae_all_p1.0_e300_seed1/epoch_300.pt,/groups/gag51404/ide/vgi/NeRF-MAE/output/nerf_rpn/results/nerfmae_all_p1.0_e300_seed1_abci3clean_epoch300_sched_epoch_preseed1_ftseed3_fcos1000_eval/eval.json,0.5257806182,0.8121086359,0.09474676102,0.6985294223,0.9705882072,1000,nerfmae_all_p1.0_e300_seed1_abci3clean,nerfmae_all_p1.0_e300_seed1_abci3clean_epoch300_sched_epoch_preseed1_ftseed3_fcos1000_eval,output,3a445ee39b859b0fc34aa4306e73ef1758c91c79,,,,,,,,,,,,,,,,
baseline,2,2,300,front3d,onecycle_epoch,,ABCI3_clean,/groups/gag51404/ide/vgi/NeRF-MAE/output/nerf_mae/results/nerfmae_all_p1.0_e300_seed2/epoch_300.pt,/groups/gag51404/ide/vgi/NeRF-MAE/output/nerf_rpn/results/nerfmae_all_p1.0_e300_seed2_abci3clean_epoch300_sched_epoch_seed2_fcos1000_eval/eval.json,0.503834784,0.8125731349,0.07803174853,0.6838235259,0.9558823705,1000,nerfmae_all_p1.0_e300_seed2_abci3clean,nerfmae_all_p1.0_e300_seed2_abci3clean_epoch300_sched_epoch_seed2_fcos1000_eval,output,3a445ee39b859b0fc34aa4306e73ef1758c91c79,,,,,,,,,,,,,,,,
baseline,2,2,300,front3d,onecycle_epoch,,historical,/groups/gag51404/ide/vgi/NeRF-MAE/output/nerf_mae/results/nerfmae_all_p1.0_e300_seed2/epoch_300.pt,/groups/gag51404/ide/vgi/NeRF-MAE/results/shortcut_probe_artifacts/eval/nerfmae_all_p1.0_e300_seed2_epoch300_sched_epoch_seed2_fcos1000_partial640_eval/eval.json,0.4395441115,0.8208927512,0.07005833089,0.6397058964,0.9632353187,1000,nerfmae_all_p1.0_e300_seed2,nerfmae_all_p1.0_e300_seed2_epoch300_sched_epoch_seed2_fcos1000_partial640_eval,shortcut_probe_artifacts,3a445ee39b859b0fc34aa4306e73ef1758c91c79,,,,,,,,,,,,,,,,
baseline,2,2,300,front3d,onecycle_epoch,,historical,/groups/gag51404/ide/vgi/NeRF-MAE/output/nerf_mae/results/nerfmae_all_p1.0_e300_seed2/epoch_300.pt,/groups/gag51404/ide/vgi/NeRF-MAE/results/shortcut_probe_artifacts/eval/nerfmae_all_p1.0_e300_seed2_epoch300_sched_epoch_seed2_fcos1000_resume_from640_eval/eval.json,0.4894402921,0.8024275899,0.1196658611,0.6617646813,0.9485294223,1000,nerfmae_all_p1.0_e300_seed2,nerfmae_all_p1.0_e300_seed2_epoch300_sched_epoch_seed2_fcos1000_resume_from640_eval,shortcut_probe_artifacts,3a445ee39b859b0fc34aa4306e73ef1758c91c79,,,,,,,,,,,,,,,,
baseline,1,1,1200,front3d,onecycle_epoch,,historical,/groups/gag51404/ide/vgi/NeRF-MAE/output/nerf_mae/results/nerfmae_all_p1.0_e1200_seed1/epoch_1200.pt,/groups/gag51404/ide/vgi/NeRF-MAE/results/shortcut_probe_artifacts/eval/nerfmae_all_p1.0_e1200_seed1_epoch1200_sched_epoch_seed1_fcos1000_diagnostics/eval.json,0.5892224908,0.849375844,0.1468722224,0.7132353187,0.9485294223,1000,nerfmae_all_p1.0_e1200_seed1,nerfmae_all_p1.0_e1200_seed1_epoch1200_sched_epoch_seed1_fcos1000_diagnostics,shortcut_probe_artifacts,3a445ee39b859b0fc34aa4306e73ef1758c91c79,,,,,,,,,,,,,,,,
baseline,1,1,1200,front3d,onecycle_epoch,,historical,/groups/gag51404/ide/vgi/NeRF-MAE/output/nerf_mae/results/nerfmae_all_p1.0_e1200_seed1/epoch_1200.pt,/groups/gag51404/ide/vgi/NeRF-MAE/results/shortcut_probe_artifacts/eval/nerfmae_all_p1.0_e1200_seed1_epoch1200_sched_epoch_seed1_fcos1000_eval/eval.json,0.5892220736,0.8493890762,0.1468722224,0.7132353187,0.9485294223,1000,nerfmae_all_p1.0_e1200_seed1,nerfmae_all_p1.0_e1200_seed1_epoch1200_sched_epoch_seed1_fcos1000_eval,shortcut_probe_artifacts,3a445ee39b859b0fc34aa4306e73ef1758c91c79,,,,,,,,,,,,,,,,
baseline_coord_jitter,1,1,100,front3d,onecycle_epoch,16,ABCI3_1n8g_gb16_det0,/groups/gag51404/ide/vgi/NeRF-MAE/output/nerf_mae/results/nerfmae_baseline_coord_jitter_p1.0_e100_seed1_abci3diag_opt1n8g_det0/epoch_100.pt,/groups/gag51404/ide/vgi/NeRF-MAE/output/nerf_rpn/results/nerfmae_baseline_coord_jitter_p1.0_e100_seed1_abci3diag_opt1n8g_det0_epoch100_sched_epoch_seed1_fcos1000_eval/eval.json,0.5563879609,0.8196668029,0.101510644,0.6764705777,0.9558823705,1000,nerfmae_baseline_coord_jitter_p1.0_e100_seed1_abci3diag_opt1n8g_det0,nerfmae_baseline_coord_jitter_p1.0_e100_seed1_abci3diag_opt1n8g_det0_epoch100_sched_epoch_seed1_fcos1000_eval,output,3a445ee39b859b0fc34aa4306e73ef1758c91c79,,,,,,,,,,,,,,,,
baseline_no_pos,1,1,100,front3d,onecycle_epoch,16,ABCI3_1n8g_gb16_det0,/groups/gag51404/ide/vgi/NeRF-MAE/output/nerf_mae/results/nerfmae_baseline_no_pos_p1.0_e100_seed1_abci3diag_opt1n8g_det0/epoch_100.pt,/groups/gag51404/ide/vgi/NeRF-MAE/output/nerf_rpn/results/nerfmae_baseline_no_pos_p1.0_e100_seed1_abci3diag_opt1n8g_det0_epoch100_sched_epoch_seed1_fcos1000_eval/eval.json,0.5371413827,0.7831976414,0.0899342373,0.6911764741,0.9558823705,1000,nerfmae_baseline_no_pos_p1.0_e100_seed1_abci3diag_opt1n8g_det0,nerfmae_baseline_no_pos_p1.0_e100_seed1_abci3diag_opt1n8g_det0_epoch100_sched_epoch_seed1_fcos1000_eval,output,3a445ee39b859b0fc34aa4306e73ef1758c91c79,,,,,,,,,,,,,,,,
cosine_coord_jitter,1,1,100,front3d,onecycle_epoch,16,ABCI3_1n8g_gb16_det0,/groups/gag51404/ide/vgi/NeRF-MAE/output/nerf_mae/results/nerfmae_cosine_coord_jitter_p1.0_e100_seed1_abci3diag_opt1n8g_det0/epoch_100.pt,/groups/gag51404/ide/vgi/NeRF-MAE/output/nerf_rpn/results/nerfmae_cosine_coord_jitter_p1.0_e100_seed1_abci3diag_opt1n8g_det0_epoch100_sched_epoch_seed1_fcos1000_eval/eval.json,0.6218649745,0.8097126484,0.1030684114,0.7279411554,0.9485294223,1000,nerfmae_cosine_coord_jitter_p1.0_e100_seed1_abci3diag_opt1n8g_det0,nerfmae_cosine_coord_jitter_p1.0_e100_seed1_abci3diag_opt1n8g_det0_epoch100_sched_epoch_seed1_fcos1000_eval,output,3a445ee39b859b0fc34aa4306e73ef1758c91c79,,,,,,,,,,,,,,,,
cosine_ramp,1,1,300,front3d,onecycle_epoch,,ABCI3_clean,/groups/gag51404/ide/vgi/NeRF-MAE/output/nerf_mae/results/nerfmae_alpha_rgba_curr_cosine_ramp_p1.0_e300_seed1/epoch_300.pt,/groups/gag51404/ide/vgi/NeRF-MAE/output/nerf_rpn/results/nerfmae_alpha_rgba_curr_cosine_ramp_p1.0_e300_seed1_abci3clean_epoch300_sched_epoch_seed1_fcos1000_eval/eval.json,0.5538512468,0.8248558044,0.1135081351,0.7058823705,0.9632353187,1000,nerfmae_alpha_rgba_curr_cosine_ramp_p1.0_e300_seed1_abci3clean,nerfmae_alpha_rgba_curr_cosine_ramp_p1.0_e300_seed1_abci3clean_epoch300_sched_epoch_seed1_fcos1000_eval,output,3a445ee39b859b0fc34aa4306e73ef1758c91c79,,,,,,,,,,,,,,,,
cosine_ramp,1,1,300,front3d,onecycle_epoch,,historical,/groups/gag51404/ide/vgi/NeRF-MAE/output/nerf_mae/results/nerfmae_alpha_rgba_curr_cosine_ramp_p1.0_e300_seed1/epoch_300.pt,/groups/gag51404/ide/vgi/NeRF-MAE/results/shortcut_probe_artifacts/eval/nerfmae_alpha_rgba_curr_cosine_ramp_p1.0_e300_seed1_epoch300_sched_epoch_seed1_fcos1000_diagnostics/eval.json,0.5987238288,0.8443000317,0.1061212122,0.7058823705,0.9632353187,1000,nerfmae_alpha_rgba_curr_cosine_ramp_p1.0_e300_seed1,nerfmae_alpha_rgba_curr_cosine_ramp_p1.0_e300_seed1_epoch300_sched_epoch_seed1_fcos1000_diagnostics,shortcut_probe_artifacts,3a445ee39b859b0fc34aa4306e73ef1758c91c79,,,,,,,,,,,,,,,,
cosine_ramp,1,1,300,front3d,onecycle_epoch,,historical,/groups/gag51404/ide/vgi/NeRF-MAE/output/nerf_mae/results/nerfmae_alpha_rgba_curr_cosine_ramp_p1.0_e300_seed1/epoch_300.pt,/groups/gag51404/ide/vgi/NeRF-MAE/results/shortcut_probe_artifacts/eval/nerfmae_alpha_rgba_curr_cosine_ramp_p1.0_e300_seed1_epoch300_sched_epoch_seed1_fcos1000_eval/eval.json,0.5987247825,0.8442932367,0.1061212122,0.7058823705,0.9632353187,1000,nerfmae_alpha_rgba_curr_cosine_ramp_p1.0_e300_seed1,nerfmae_alpha_rgba_curr_cosine_ramp_p1.0_e300_seed1_epoch300_sched_epoch_seed1_fcos1000_eval,shortcut_probe_artifacts,3a445ee39b859b0fc34aa4306e73ef1758c91c79,,,,,,,,,,,,,,,,
cosine_ramp,1,2,300,front3d,onecycle_epoch,,ABCI3_clean,/groups/gag51404/ide/vgi/NeRF-MAE/output/nerf_mae/results/nerfmae_alpha_rgba_curr_cosine_ramp_p1.0_e300_seed1/epoch_300.pt,/groups/gag51404/ide/vgi/NeRF-MAE/output/nerf_rpn/results/nerfmae_alpha_rgba_curr_cosine_ramp_p1.0_e300_seed1_abci3clean_epoch300_sched_epoch_preseed1_ftseed2_fcos1000_eval/eval.json,0.5704139471,0.8379428387,0.1175591201,0.6838235259,0.9338235259,1000,nerfmae_alpha_rgba_curr_cosine_ramp_p1.0_e300_seed1_abci3clean,nerfmae_alpha_rgba_curr_cosine_ramp_p1.0_e300_seed1_abci3clean_epoch300_sched_epoch_preseed1_ftseed2_fcos1000_eval,output,3a445ee39b859b0fc34aa4306e73ef1758c91c79,,,,,,,,,,,,,,,,
cosine_ramp,1,3,300,front3d,onecycle_epoch,,ABCI3_clean,/groups/gag51404/ide/vgi/NeRF-MAE/output/nerf_mae/results/nerfmae_alpha_rgba_curr_cosine_ramp_p1.0_e300_seed1/epoch_300.pt,/groups/gag51404/ide/vgi/NeRF-MAE/output/nerf_rpn/results/nerfmae_alpha_rgba_curr_cosine_ramp_p1.0_e300_seed1_abci3clean_epoch300_sched_epoch_preseed1_ftseed3_fcos1000_eval/eval.json,0.5927847624,0.8255413771,0.08905595541,0.7132353187,0.9485294223,1000,nerfmae_alpha_rgba_curr_cosine_ramp_p1.0_e300_seed1_abci3clean,nerfmae_alpha_rgba_curr_cosine_ramp_p1.0_e300_seed1_abci3clean_epoch300_sched_epoch_preseed1_ftseed3_fcos1000_eval,output,3a445ee39b859b0fc34aa4306e73ef1758c91c79,,,,,,,,,,,,,,,,
cosine_ramp,2,2,300,front3d,onecycle_epoch,16,ABCI3_2n16g_gb16,/groups/gag51404/ide/vgi/NeRF-MAE/output/nerf_mae/results/nerfmae_alpha_rgba_curr_cosine_ramp_p1.0_e300_seed2_abci3gb16_16g/epoch_300.pt,/groups/gag51404/ide/vgi/NeRF-MAE/output/nerf_rpn/results/nerfmae_alpha_rgba_curr_cosine_ramp_p1.0_e300_seed2_abci3gb16_16g_epoch300_sched_epoch_seed2_fcos1000_eval/eval.json,0.5366399884,0.8290941715,0.0880639255,0.6911764741,0.9485294223,1000,nerfmae_alpha_rgba_curr_cosine_ramp_p1.0_e300_seed2_abci3gb16_16g,nerfmae_alpha_rgba_curr_cosine_ramp_p1.0_e300_seed2_abci3gb16_16g_epoch300_sched_epoch_seed2_fcos1000_eval,output,3a445ee39b859b0fc34aa4306e73ef1758c91c79,,,,,,,,,,,,,,,,
cosine_ramp,1,1,600,front3d,onecycle_epoch,,historical,/groups/gag51404/ide/vgi/NeRF-MAE/output/nerf_mae/results/nerfmae_alpha_rgba_curr_cosine_ramp_p1.0_e600_seed1/epoch_600.pt,/groups/gag51404/ide/vgi/NeRF-MAE/results/shortcut_probe_artifacts/eval/nerfmae_alpha_rgba_curr_cosine_ramp_p1.0_e600_seed1_epoch600_sched_epoch_seed1_fcos1000_eval/eval.json,0.5894904733,0.8400973082,0.09124580026,0.7132353187,0.9705882072,1000,nerfmae_alpha_rgba_curr_cosine_ramp_p1.0_e600_seed1,nerfmae_alpha_rgba_curr_cosine_ramp_p1.0_e600_seed1_epoch600_sched_epoch_seed1_fcos1000_eval,shortcut_probe_artifacts,3a445ee39b859b0fc34aa4306e73ef1758c91c79,,,,,,,,,,,,,,,,
cosine_ramp_alpha_shuffle,1,1,300,front3d,onecycle_epoch,,ABCI3_clean,/groups/gag51404/ide/vgi/NeRF-MAE/output/nerf_mae/results/nerfmae_alpha_rgba_curr_cosine_ramp_alpha_shuffle_p1.0_e300_seed1/epoch_300.pt,/groups/gag51404/ide/vgi/NeRF-MAE/output/nerf_rpn/results/nerfmae_alpha_rgba_curr_cosine_ramp_alpha_shuffle_p1.0_e300_seed1_abci3clean_epoch300_sched_epoch_seed1_fcos1000_eval/eval.json,0.416162312,0.761267364,0.03257797286,0.5955882072,0.9558823705,1000,nerfmae_alpha_rgba_curr_cosine_ramp_alpha_shuffle_p1.0_e300_seed1_abci3clean,nerfmae_alpha_rgba_curr_cosine_ramp_alpha_shuffle_p1.0_e300_seed1_abci3clean_epoch300_sched_epoch_seed1_fcos1000_eval,output,3a445ee39b859b0fc34aa4306e73ef1758c91c79,,,,,,,,,,,,,,,,
cosine_ramp_alpha_shuffle,1,1,300,front3d,onecycle_epoch,,historical,/groups/gag51404/ide/vgi/NeRF-MAE/output/nerf_mae/results/nerfmae_alpha_rgba_curr_cosine_ramp_alpha_shuffle_p1.0_e300_seed1/epoch_300.pt,/groups/gag51404/ide/vgi/NeRF-MAE/results/shortcut_probe_artifacts/eval/nerfmae_alpha_rgba_curr_cosine_ramp_alpha_shuffle_p1.0_e300_seed1_epoch300_sched_epoch_seed1_fcos1000_diagnostics/eval.json,0.4136930406,0.7185236216,0.05970489234,0.6029411554,0.9485294223,1000,nerfmae_alpha_rgba_curr_cosine_ramp_alpha_shuffle_p1.0_e300_seed1,nerfmae_alpha_rgba_curr_cosine_ramp_alpha_shuffle_p1.0_e300_seed1_epoch300_sched_epoch_seed1_fcos1000_diagnostics,shortcut_probe_artifacts,3a445ee39b859b0fc34aa4306e73ef1758c91c79,,,,,,,,,,,,,,,,
cosine_ramp_alpha_shuffle,1,1,300,front3d,onecycle_epoch,,historical,/groups/gag51404/ide/vgi/NeRF-MAE/output/nerf_mae/results/nerfmae_alpha_rgba_curr_cosine_ramp_alpha_shuffle_p1.0_e300_seed1/epoch_300.pt,/groups/gag51404/ide/vgi/NeRF-MAE/results/shortcut_probe_artifacts/eval/nerfmae_alpha_rgba_curr_cosine_ramp_alpha_shuffle_p1.0_e300_seed1_epoch300_sched_epoch_seed1_fcos1000_eval/eval.json,0.4137793183,0.7186029553,0.05970489234,0.6029411554,0.9485294223,1000,nerfmae_alpha_rgba_curr_cosine_ramp_alpha_shuffle_p1.0_e300_seed1,nerfmae_alpha_rgba_curr_cosine_ramp_alpha_shuffle_p1.0_e300_seed1_epoch300_sched_epoch_seed1_fcos1000_eval,shortcut_probe_artifacts,3a445ee39b859b0fc34aa4306e73ef1758c91c79,,,,,,,,,,,,,,,,
cosine_ramp_alpha_shuffle,1,2,300,front3d,onecycle_epoch,,ABCI3_clean,/groups/gag51404/ide/vgi/NeRF-MAE/output/nerf_mae/results/nerfmae_alpha_rgba_curr_cosine_ramp_alpha_shuffle_p1.0_e300_seed1/epoch_300.pt,/groups/gag51404/ide/vgi/NeRF-MAE/output/nerf_rpn/results/nerfmae_alpha_rgba_curr_cosine_ramp_alpha_shuffle_p1.0_e300_seed1_abci3clean_epoch300_sched_epoch_preseed1_ftseed2_fcos1000_eval/eval.json,0.4187341034,0.7395607233,0.07502216101,0.5955882072,0.9411764741,1000,nerfmae_alpha_rgba_curr_cosine_ramp_alpha_shuffle_p1.0_e300_seed1_abci3clean,nerfmae_alpha_rgba_curr_cosine_ramp_alpha_shuffle_p1.0_e300_seed1_abci3clean_epoch300_sched_epoch_preseed1_ftseed2_fcos1000_eval,output,3a445ee39b859b0fc34aa4306e73ef1758c91c79,,,,,,,,,,,,,,,,
cosine_ramp_alpha_shuffle,1,3,300,front3d,onecycle_epoch,,ABCI3_clean,/groups/gag51404/ide/vgi/NeRF-MAE/output/nerf_mae/results/nerfmae_alpha_rgba_curr_cosine_ramp_alpha_shuffle_p1.0_e300_seed1/epoch_300.pt,/groups/gag51404/ide/vgi/NeRF-MAE/output/nerf_rpn/results/nerfmae_alpha_rgba_curr_cosine_ramp_alpha_shuffle_p1.0_e300_seed1_abci3clean_epoch300_sched_epoch_preseed1_ftseed3_fcos1000_eval/eval.json,0.4531751871,0.7306307554,0.02823368274,0.6397058964,0.9485294223,1000,nerfmae_alpha_rgba_curr_cosine_ramp_alpha_shuffle_p1.0_e300_seed1_abci3clean,nerfmae_alpha_rgba_curr_cosine_ramp_alpha_shuffle_p1.0_e300_seed1_abci3clean_epoch300_sched_epoch_preseed1_ftseed3_fcos1000_eval,output,3a445ee39b859b0fc34aa4306e73ef1758c91c79,,,,,,,,,,,,,,,,
cosine_ramp_alpha_shuffle,2,2,300,front3d,onecycle_epoch,16,ABCI3_2n16g_gb16,/groups/gag51404/ide/vgi/NeRF-MAE/output/nerf_mae/results/nerfmae_alpha_rgba_curr_cosine_ramp_alpha_shuffle_p1.0_e300_seed2_abci3gb16_16g/epoch_300.pt,/groups/gag51404/ide/vgi/NeRF-MAE/output/nerf_rpn/results/nerfmae_alpha_rgba_curr_cosine_ramp_alpha_shuffle_p1.0_e300_seed2_abci3gb16_16g_epoch300_sched_epoch_seed2_fcos1000_eval/eval.json,0.39640522,0.7110872865,0.0516830571,0.6176470518,0.9632353187,1000,nerfmae_alpha_rgba_curr_cosine_ramp_alpha_shuffle_p1.0_e300_seed2_abci3gb16_16g,nerfmae_alpha_rgba_curr_cosine_ramp_alpha_shuffle_p1.0_e300_seed2_abci3gb16_16g_epoch300_sched_epoch_seed2_fcos1000_eval,output,3a445ee39b859b0fc34aa4306e73ef1758c91c79,,,,,,,,,,,,,,,,
dmae_hier_concat,1,1,100,front3d,onecycle_epoch,,unknown,/groups/gag51404/ide/vgi/NeRF-MAE/output/nerf_mae/results/nerfmae_dmae_hier_concat_p1.0_e100_seed1_abci3dmae_e100_det0_1n8g/epoch_100.pt,/groups/gag51404/ide/vgi/NeRF-MAE/output/nerf_rpn/results/nerfmae_dmae_hier_concat_p1.0_e100_seed1_abci3dmae_e100_det0_1n8g_epoch100_sched_epoch_seed1_fcos1000_eval/eval.json,0.5777786374,0.8311929703,0.1055305004,0.6911764741,0.9558823705,1000,nerfmae_dmae_hier_concat_p1.0_e100_seed1_abci3dmae_e100_det0_1n8g,nerfmae_dmae_hier_concat_p1.0_e100_seed1_abci3dmae_e100_det0_1n8g_epoch100_sched_epoch_seed1_fcos1000_eval,output,3a445ee39b859b0fc34aa4306e73ef1758c91c79,,,,,,,,,,,,,,,,
dmae_hier_concat_coord_jitter,1,1,100,front3d,onecycle_epoch,,unknown,/groups/gag51404/ide/vgi/NeRF-MAE/output/nerf_mae/results/nerfmae_dmae_hier_concat_coord_jitter_p1.0_e100_seed1_abci3dmae_cj_e100_det0_1n8g/epoch_100.pt,/groups/gag51404/ide/vgi/NeRF-MAE/output/nerf_rpn/results/nerfmae_dmae_hier_concat_coord_jitter_p1.0_e100_seed1_abci3dmae_cj_e100_det0_1n8g_epoch100_sched_epoch_seed1_fcos1000_eval/eval.json,0.5212028623,0.834076643,0.0858007744,0.6838235259,0.9558823705,1000,nerfmae_dmae_hier_concat_coord_jitter_p1.0_e100_seed1_abci3dmae_cj_e100_det0_1n8g,nerfmae_dmae_hier_concat_coord_jitter_p1.0_e100_seed1_abci3dmae_cj_e100_det0_1n8g_epoch100_sched_epoch_seed1_fcos1000_eval,output,3a445ee39b859b0fc34aa4306e73ef1758c91c79,,,,,,,,,,,,,,,,
dmae_hier_film,1,1,100,front3d,onecycle_epoch,,unknown,/groups/gag51404/ide/vgi/NeRF-MAE/output/nerf_mae/results/nerfmae_dmae_hier_film_p1.0_e100_seed1_abci3dmae_e100_det0_1n8g/epoch_100.pt,/groups/gag51404/ide/vgi/NeRF-MAE/output/nerf_rpn/results/nerfmae_dmae_hier_film_p1.0_e100_seed1_abci3dmae_e100_det0_1n8g_epoch100_sched_epoch_seed1_fcos1000_eval/eval.json,0.544252336,0.8061657548,0.07087484747,0.7058823705,0.9705882072,1000,nerfmae_dmae_hier_film_p1.0_e100_seed1_abci3dmae_e100_det0_1n8g,nerfmae_dmae_hier_film_p1.0_e100_seed1_abci3dmae_e100_det0_1n8g_epoch100_sched_epoch_seed1_fcos1000_eval,output,3a445ee39b859b0fc34aa4306e73ef1758c91c79,,,,,,,,,,,,,,,,
dmae_target_alpha_gated_rgb,1,1,100,front3d,onecycle_epoch,,unknown,/groups/gag51404/ide/vgi/NeRF-MAE/output/nerf_mae/results/nerfmae_dmae_target_alpha_gated_rgb_p1.0_e100_seed1_abci3dmae_e100_det0_1n8g/epoch_100.pt,/groups/gag51404/ide/vgi/NeRF-MAE/output/nerf_rpn/results/nerfmae_dmae_target_alpha_gated_rgb_p1.0_e100_seed1_abci3dmae_e100_det0_1n8g_epoch100_sched_epoch_seed1_fcos1000_eval/eval.json,0.5045067668,0.8074092269,0.08323469758,0.6544117928,0.9632353187,1000,nerfmae_dmae_target_alpha_gated_rgb_p1.0_e100_seed1_abci3dmae_e100_det0_1n8g,nerfmae_dmae_target_alpha_gated_rgb_p1.0_e100_seed1_abci3dmae_e100_det0_1n8g_epoch100_sched_epoch_seed1_fcos1000_eval,output,3a445ee39b859b0fc34aa4306e73ef1758c91c79,,,,,,,,,,,,,,,,
input_alpha_curriculum,1,1,300,front3d,onecycle_epoch,16,ABCI3_1n8g_gb16_det0_surface_maturation_coord_jitter,/groups/gag51404/ide/vgi/NeRF-MAE/output/nerf_mae/results/nerfmae_input_alpha_curriculum_p1.0_e300_seed1_abci3sm_cj_det0_1n8g/epoch_300.pt,/groups/gag51404/ide/vgi/NeRF-MAE/output/nerf_rpn/results/nerfmae_input_alpha_curriculum_p1.0_e300_seed1_abci3sm_cj_det0_1n8g_epoch300_sched_epoch_seed1_fcos1000_eval/eval.json,0.5175645351,0.8142389655,0.07267744839,0.7058823705,0.9485294223,1000,nerfmae_input_alpha_curriculum_p1.0_e300_seed1_abci3sm_cj_det0_1n8g,nerfmae_input_alpha_curriculum_p1.0_e300_seed1_abci3sm_cj_det0_1n8g_epoch300_sched_epoch_seed1_fcos1000_eval,output,3a445ee39b859b0fc34aa4306e73ef1758c91c79,surface_maturation,raw_alpha,0.05,0.5,20,1,removed_occupied,cosine_release,,,,,,,,
masked_only_rgb_loss,,,10,front3d,,,historical,,/groups/gag51404/ide/vgi/NeRF-MAE/results/shortcut_probe_artifacts/eval/nerfmae_masked_only_rgb_loss_p0.1_e10_fcos100_eval/eval.json,0.1475534439,0.5529184341,0.009200708009,0.4338235259,0.9338235259,100,nerfmae_masked_only_rgb_loss_p0.1_e10,nerfmae_masked_only_rgb_loss_p0.1_e10_fcos100_eval,shortcut_probe_artifacts,3a445ee39b859b0fc34aa4306e73ef1758c91c79,,,,,,,,,,,,,,,,
masked_only_rgb_loss,,,30,front3d,,,historical,,/groups/gag51404/ide/vgi/NeRF-MAE/results/shortcut_probe_artifacts/eval/nerfmae_masked_only_rgb_loss_p0.1_e30_epoch30_fcos100_eval/eval.json,0.181224674,0.6220547557,0.0001009742336,0.4485294223,0.9191176295,100,nerfmae_masked_only_rgb_loss_p0.1_e30,nerfmae_masked_only_rgb_loss_p0.1_e30_epoch30_fcos100_eval,shortcut_probe_artifacts,3a445ee39b859b0fc34aa4306e73ef1758c91c79,,,,,,,,,,,,,,,,
masked_only_rgb_loss,,1,30,front3d,,,historical,,/groups/gag51404/ide/vgi/NeRF-MAE/results/shortcut_probe_artifacts/eval/nerfmae_masked_only_rgb_loss_p0.1_e30_epoch30_seed1_fcos100_eval/eval.json,0.202911526,0.6518256068,0.005498080049,0.470588237,0.9411764741,100,nerfmae_masked_only_rgb_loss_p0.1_e30,nerfmae_masked_only_rgb_loss_p0.1_e30_epoch30_seed1_fcos100_eval,shortcut_probe_artifacts,3a445ee39b859b0fc34aa4306e73ef1758c91c79,,,,,,,,,,,,,,,,
masked_only_rgb_loss,,2,30,front3d,,,historical,,/groups/gag51404/ide/vgi/NeRF-MAE/results/shortcut_probe_artifacts/eval/nerfmae_masked_only_rgb_loss_p0.1_e30_epoch30_seed2_fcos100_eval/eval.json,0.1797454953,0.6406248808,0.00275735301,0.4191176593,0.9485294223,100,nerfmae_masked_only_rgb_loss_p0.1_e30,nerfmae_masked_only_rgb_loss_p0.1_e30_epoch30_seed2_fcos100_eval,shortcut_probe_artifacts,3a445ee39b859b0fc34aa4306e73ef1758c91c79,,,,,,,,,,,,,,,,
masked_only_rgb_loss,,3,30,front3d,,,historical,,/groups/gag51404/ide/vgi/NeRF-MAE/results/shortcut_probe_artifacts/eval/nerfmae_masked_only_rgb_loss_p0.1_e30_epoch30_seed3_fcos100_eval/eval.json,0.2054582536,0.6323649883,0.004635819234,0.4779411852,0.9044117928,100,nerfmae_masked_only_rgb_loss_p0.1_e30,nerfmae_masked_only_rgb_loss_p0.1_e30_epoch30_seed3_fcos100_eval,shortcut_probe_artifacts,3a445ee39b859b0fc34aa4306e73ef1758c91c79,,,,,,,,,,,,,,,,
radiance_only,,,10,front3d,,,historical,,/groups/gag51404/ide/vgi/NeRF-MAE/results/shortcut_probe_artifacts/eval/nerfmae_radiance_only_p0.1_e10_fcos100_eval/eval.json,0.2034059763,0.6187564731,0.01169786137,0.4117647111,0.9558823705,100,nerfmae_radiance_only_p0.1_e10,nerfmae_radiance_only_p0.1_e10_fcos100_eval,shortcut_probe_artifacts,3a445ee39b859b0fc34aa4306e73ef1758c91c79,,,,,,,,,,,,,,,,
radiance_only,,,30,front3d,,,historical,,/groups/gag51404/ide/vgi/NeRF-MAE/results/shortcut_probe_artifacts/eval/nerfmae_radiance_only_p0.1_e30_epoch30_fcos100_eval/eval.json,0.193194598,0.6039658189,0.001225490239,0.3970588148,0.9264705777,100,nerfmae_radiance_only_p0.1_e30,nerfmae_radiance_only_p0.1_e30_epoch30_fcos100_eval,shortcut_probe_artifacts,3a445ee39b859b0fc34aa4306e73ef1758c91c79,,,,,,,,,,,,,,,,
radiance_only,,,30,front3d,,,historical,,/groups/gag51404/ide/vgi/NeRF-MAE/results/shortcut_probe_artifacts/eval/nerfmae_radiance_only_p0.1_e30_fcos100_eval/eval.json,0.2158579528,0.5643869042,0.01032913197,0.470588237,0.9485294223,100,nerfmae_radiance_only_p0.1_e30,nerfmae_radiance_only_p0.1_e30_fcos100_eval,shortcut_probe_artifacts,3a445ee39b859b0fc34aa4306e73ef1758c91c79,,,,,,,,,,,,,,,,
scratch,,,,front3d,,,historical,,/groups/gag51404/ide/vgi/NeRF-MAE/results/shortcut_probe_artifacts/eval/front3d_scratch_samepath_fcos100_eval/eval.json,0.2058597505,0.6269596219,0.002035056474,0.404411763,0.9264705777,100,front3d_scratch_samepath,front3d_scratch_samepath_fcos100_eval,shortcut_probe_artifacts,3a445ee39b859b0fc34aa4306e73ef1758c91c79,,,,,,,,,,,,,,,,
scratch,,1,,front3d,,,historical,,/groups/gag51404/ide/vgi/NeRF-MAE/results/shortcut_probe_artifacts/eval/front3d_scratch_samepath_sched_epoch_pt01_seed1_fcos100_eval/eval.json,0.09411451966,0.4287139773,0.0009191176505,0.2352941185,0.8455882072,100,front3d_scratch_samepath_sched_epoch_pt01_seed1,front3d_scratch_samepath_sched_epoch_pt01_seed1_fcos100_eval,shortcut_probe_artifacts,3a445ee39b859b0fc34aa4306e73ef1758c91c79,,,,,,,,,,,,,,,,
scratch,,1,,front3d,,,historical,,/groups/gag51404/ide/vgi/NeRF-MAE/results/shortcut_probe_artifacts/eval/front3d_scratch_samepath_sched_epoch_pt02_seed1_fcos100_eval/eval.json,0.1105781272,0.5781786442,0.001838235301,0.279411763,0.9044117928,100,front3d_scratch_samepath_sched_epoch_pt02_seed1,front3d_scratch_samepath_sched_epoch_pt02_seed1_fcos100_eval,shortcut_probe_artifacts,3a445ee39b859b0fc34aa4306e73ef1758c91c79,,,,,,,,,,,,,,,,
scratch,,1,,front3d,,,historical,,/groups/gag51404/ide/vgi/NeRF-MAE/results/shortcut_probe_artifacts/eval/front3d_scratch_samepath_seed1_fcos100_eval/eval.json,0.2013487667,0.6240093708,0.01496862154,0.404411763,0.9264705777,100,front3d_scratch_samepath_seed1,front3d_scratch_samepath_seed1_fcos100_eval,shortcut_probe_artifacts,3a445ee39b859b0fc34aa4306e73ef1758c91c79,,,,,,,,,,,,,,,,
scratch,,2,,front3d,,,historical,,/groups/gag51404/ide/vgi/NeRF-MAE/results/shortcut_probe_artifacts/eval/front3d_scratch_samepath_seed2_fcos100_eval/eval.json,0.1690069735,0.5910173059,0.0137977656,0.4191176593,0.9411764741,100,front3d_scratch_samepath_seed2,front3d_scratch_samepath_seed2_fcos100_eval,shortcut_probe_artifacts,3a445ee39b859b0fc34aa4306e73ef1758c91c79,,,,,,,,,,,,,,,,
scratch,,3,,front3d,,,historical,,/groups/gag51404/ide/vgi/NeRF-MAE/results/shortcut_probe_artifacts/eval/front3d_scratch_samepath_seed3_fcos100_eval/eval.json,0.2530154288,0.6200400591,0.0101738479,0.5,0.9485294223,100,front3d_scratch_samepath_seed3,front3d_scratch_samepath_seed3_fcos100_eval,shortcut_probe_artifacts,3a445ee39b859b0fc34aa4306e73ef1758c91c79,,,,,,,,,,,,,,,,
surface_maturation_tau0p3_k10_w0p05,1,1,300,front3d,onecycle_epoch,16,ABCI3_1n8g_gb16_det0_surface_maturation_coord_jitter,/groups/gag51404/ide/vgi/NeRF-MAE/output/nerf_mae/results/nerfmae_surface_maturation_tau0p3_k10_w0p05_p1.0_e300_seed1_abci3sm_cj_det0_1n8g/epoch_300.pt,/groups/gag51404/ide/vgi/NeRF-MAE/output/nerf_rpn/results/nerfmae_surface_maturation_tau0p3_k10_w0p05_p1.0_e300_seed1_abci3sm_cj_det0_1n8g_epoch300_sched_epoch_seed1_fcos1000_eval/eval.json,0.5245894194,0.8152331114,0.07659678906,0.6617646813,0.9485294223,1000,nerfmae_surface_maturation_tau0p3_k10_w0p05_p1.0_e300_seed1_abci3sm_cj_det0_1n8g,nerfmae_surface_maturation_tau0p3_k10_w0p05_p1.0_e300_seed1_abci3sm_cj_det0_1n8g_epoch300_sched_epoch_seed1_fcos1000_eval,output,3a445ee39b859b0fc34aa4306e73ef1758c91c79,surface_maturation,raw_alpha,0.05,0.3,10,1,removed_occupied,none,,,,,,,,
surface_maturation_tau0p5_k20_w0p05,1,1,300,front3d,onecycle_epoch,16,ABCI3_1n8g_gb16_det0_surface_maturation_coord_jitter,/groups/gag51404/ide/vgi/NeRF-MAE/output/nerf_mae/results/nerfmae_surface_maturation_tau0p5_k20_w0p05_p1.0_e300_seed1_abci3sm_cj_det0_1n8g/epoch_300.pt,/groups/gag51404/ide/vgi/NeRF-MAE/output/nerf_rpn/results/nerfmae_surface_maturation_tau0p5_k20_w0p05_p1.0_e300_seed1_abci3sm_cj_det0_1n8g_epoch300_sched_epoch_seed1_fcos1000_eval/eval.json,0.6079472899,0.7977102399,0.05189931393,0.7132353187,0.9411764741,1000,nerfmae_surface_maturation_tau0p5_k20_w0p05_p1.0_e300_seed1_abci3sm_cj_det0_1n8g,nerfmae_surface_maturation_tau0p5_k20_w0p05_p1.0_e300_seed1_abci3sm_cj_det0_1n8g_epoch300_sched_epoch_seed1_fcos1000_eval,output,3a445ee39b859b0fc34aa4306e73ef1758c91c79,surface_maturation,raw_alpha,0.05,0.5,20,1,removed_occupied,none,,,,,,,,
surface_maturation_tau0p7_k30_w0p05,1,1,300,front3d,onecycle_epoch,16,ABCI3_1n8g_gb16_det0_surface_maturation_coord_jitter,/groups/gag51404/ide/vgi/NeRF-MAE/output/nerf_mae/results/nerfmae_surface_maturation_tau0p7_k30_w0p05_p1.0_e300_seed1_abci3sm_cj_det0_1n8g/epoch_300.pt,/groups/gag51404/ide/vgi/NeRF-MAE/output/nerf_rpn/results/nerfmae_surface_maturation_tau0p7_k30_w0p05_p1.0_e300_seed1_abci3sm_cj_det0_1n8g_epoch300_sched_epoch_seed1_fcos1000_eval/eval.json,0.5973205566,0.8306206465,0.09193819016,0.7279411554,0.9485294223,1000,nerfmae_surface_maturation_tau0p7_k30_w0p05_p1.0_e300_seed1_abci3sm_cj_det0_1n8g,nerfmae_surface_maturation_tau0p7_k30_w0p05_p1.0_e300_seed1_abci3sm_cj_det0_1n8g_epoch300_sched_epoch_seed1_fcos1000_eval,output,3a445ee39b859b0fc34aa4306e73ef1758c91c79,surface_maturation,raw_alpha,0.05,0.7,30,1,removed_occupied,none,,,,,,,,
warmup10,1,1,300,front3d,onecycle_epoch,,historical,,/groups/gag51404/ide/vgi/NeRF-MAE/results/shortcut_probe_artifacts/eval/nerfmae_alpha_rgba_curr_warmup10_p1.0_e300_seed1_epoch300_sched_epoch_seed1_fcos1000_eval/eval.json,0.5635049343,0.8180575371,0.08581725508,0.6764705777,0.9558823705,1000,nerfmae_alpha_rgba_curr_warmup10_p1.0_e300_seed1,nerfmae_alpha_rgba_curr_warmup10_p1.0_e300_seed1_epoch300_sched_epoch_seed1_fcos1000_eval,shortcut_probe_artifacts,3a445ee39b859b0fc34aa4306e73ef1758c91c79,,,,,,,,,,,,,,,,
warmup25,1,1,300,front3d,onecycle_epoch,,historical,,/groups/gag51404/ide/vgi/NeRF-MAE/results/shortcut_probe_artifacts/eval/nerfmae_alpha_rgba_curr_warmup25_p1.0_e300_seed1_epoch300_sched_epoch_seed1_fcos1000_eval/eval.json,0.5391038656,0.816016376,0.09148159623,0.6985294223,0.9632353187,1000,nerfmae_alpha_rgba_curr_warmup25_p1.0_e300_seed1,nerfmae_alpha_rgba_curr_warmup25_p1.0_e300_seed1_epoch300_sched_epoch_seed1_fcos1000_eval,shortcut_probe_artifacts,3a445ee39b859b0fc34aa4306e73ef1758c91c79,,,,,,,,,,,,,,,,
