scene,variant,threshold,smooth_sigma,close_iters,open_iters,min_component_voxels,shape,alpha_max,alpha_mean,source_alpha_mean,source_alpha_p95,occupied_voxels,occupied_ratio,raw_reference_recall,raw_reference_precision,raw_reference_iou,shell_voxels,shell_ratio_total,shell_ratio_occupied,interior_ratio_occupied,sdf_inside_abs_p50,sdf_inside_abs_p90,sdf_outside_near_abs_p50,sdf_outside_near_abs_p90,shell_grad_mag_mean,shell_grad_mag_p95,component_count,largest_component_fraction,top5_component_fraction,small_component_fraction,removed_component_voxels
3dfront_1000_01,raw_thr001,0.01,0.0,0,0,0,117x160x89,1.0,0.10182319581508636,0.10182319581508636,0.661592853069304,524388,0.31474358974358974,1.0,1.0,1.0,315161,0.18916318544127533,0.6010072694264552,0.3989927305735448,1.7320507764816284,3.7416574954986572,6.324555397033691,16.0,0.20453384518623352,0.5280507802963257,430,0.9973817097263858,0.998474412076554,0.0,0
3dfront_1000_01,smooth075_thr001,0.01,0.75,0,0,0,117x160x89,1.0,0.10182319581508636,0.10182319581508636,0.5498834341764447,661274,0.3969041102468069,0.9983104113747836,0.7916567111363821,0.790597438685514,208777,0.12531030922884856,0.3157193538533195,0.6842806461466805,3.605551242828369,8.124038696289062,7.549834251403809,16.0,0.08100716769695282,0.2233479887247084,73,0.9974912063683132,0.9996219418879315,0.0,0
3dfront_1000_01,smooth100_thr001,0.01,1.0,0,0,0,117x160x89,1.0,0.10182319581508636,0.10182321071624756,0.52274956703186,694940,0.4171108230096994,0.9977745486166731,0.7529009698679022,0.7516387566853946,193398,0.1160796600403342,0.2782945290240884,0.7217054709759116,4.123105525970459,9.486832618713379,8.0,16.0,0.05784911662340164,0.15183546915650367,27,0.9972976084266267,0.9998057386249173,0.0,0
3dfront_1000_01,smooth100_thr002,0.02,1.0,0,0,0,117x160x89,1.0,0.10182319581508636,0.10182321071624756,0.52274956703186,652467,0.3916180495534428,0.9924273629449949,0.7976142854734416,0.7927892657036918,196549,0.11797092576586958,0.30123975618690296,0.6987602438130971,4.0,8.5440034866333,8.062257766723633,16.0,0.06697502732276917,0.16368900239467624,14,0.9959078390171457,0.9997777665383843,0.0,0
3dfront_1000_01,smooth100_thr001_min64,0.01,1.0,0,0,64,117x160x89,1.0,0.10182319581508636,0.10182321071624756,0.52274956703186,694805,0.41702979448765964,0.9976105479149027,0.7529234821280791,0.7515681164500659,193263,0.11599863151829444,0.278154302286253,0.7218456977137471,4.123105525970459,9.486832618713379,8.062257766723633,16.0,0.057884566485881805,0.15186835527420045,27,0.9972976084266267,0.9998057386249173,0.00019426137508274095,135
3dfront_1000_01,smooth100_thr001_min256,0.01,1.0,0,0,256,117x160x89,1.0,0.10182319581508636,0.10182321071624756,0.52274956703186,694489,0.4168401277249592,0.9973798027414815,0.7530918416274411,0.7516048417576449,192962,0.1158179679247095,0.2778474533073958,0.7221525466926042,4.123105525970459,9.486832618713379,8.062257766723633,16.0,0.05795160308480263,0.15190732777118682,27,0.9972976084266267,0.9998057386249173,0.0006489768900912309,451
3dfront_1000_01,smooth100_thr001_close1_min64,0.01,1.0,1,0,64,117x160x89,1.0,0.10182319581508636,0.10182321071624756,0.52274956703186,628334,0.3771331508691059,0.8712880538837654,0.7271498916181521,0.6566167837212878,173550,0.10416666666666667,0.2762066034943199,0.7237933965056801,3.0,6.7082037925720215,7.211102485656738,16.0,0.05647551640868187,0.1507240429520605,12,0.9995051017485344,0.9999474866807126,0.00012412239104281903,78
3dfront_0053_00,raw_thr001,0.01,0.0,0,0,0,95x160x85,1.0,0.08282823860645294,0.08282823860645294,0.5552295506000524,338093,0.26168188854489166,1.0,1.0,1.0,272403,0.21083823529411766,0.8057043476203293,0.19429565237967072,1.0,2.4494898319244385,3.7416574954986572,13.892443656921387,0.2256401777267456,0.532506650686264,284,0.99574081687583,0.9970096985149056,0.0,0
3dfront_0053_00,smooth075_thr001,0.01,0.75,0,0,0,95x160x85,1.0,0.08282823860645294,0.08282825350761414,0.4528475463390351,525996,0.40711764705882353,0.9991422478430491,0.6422159103871512,0.6418620293908636,241540,0.18695046439628482,0.45920501296587807,0.540794987034122,2.2360680103302,5.0,4.358899116516113,14.177447319030762,0.08916149288415909,0.2285855017602443,70,0.9963687936790394,0.9983859192845573,0.0,0
3dfront_0053_00,smooth100_thr001,0.01,1.0,0,0,0,95x160x85,1.0,0.08282823860645294,0.08282826095819473,0.4212686896324158,577601,0.44705959752321983,0.9984856237780729,0.5844536280234972,0.5839360125096651,219506,0.16989628482972136,0.380030505487352,0.6199694945126479,2.8284270763397217,6.0,4.898979663848877,14.525838851928711,0.06049604341387749,0.15438010171055794,32,0.9986703624128075,0.9995550561719941,0.0,0
3dfront_0053_00,smooth100_thr002,0.02,1.0,0,0,0,95x160x85,1.0,0.08282823860645294,0.08282826095819473,0.4212686896324158,522235,0.40420665634674924,0.9929250235881844,0.6428159736517085,0.6398850993181823,223556,0.173030959752322,0.42807548325945216,0.5719245167405478,2.4494898319244385,5.385164737701416,4.898979663848877,14.866068840026855,0.07382339239120483,0.16839389130473137,26,0.9967390159602478,0.9989813015213458,0.0,0
3dfront_0053_00,smooth100_thr001_min64,0.01,1.0,0,0,64,95x160x85,1.0,0.08282823860645294,0.08282826095819473,0.4212686896324158,577270,0.44680340557275544,0.9979798457820777,0.5844925251615362,0.5838017970319386,219177,0.16964164086687306,0.37967848667001575,0.6203215133299842,2.8284270763397217,6.0,5.0,14.899664878845215,0.06057028844952583,0.1544134825468063,32,0.9986703624128075,0.9995550561719941,0.0005730599496884528,331
3dfront_0053_00,smooth100_thr001_min256,0.01,1.0,0,0,256,95x160x85,1.0,0.08282823860645294,0.08282826095819473,0.4212686896324158,576833,0.44646517027863775,0.9974740677860825,0.5846388816173832,0.583774604586913,218792,0.169343653250774,0.3792986878351273,0.6207013121648727,2.8284270763397217,6.0,5.0,14.966629981994629,0.06064288318157196,0.15451472997665405,32,0.9986703624128075,0.9995550561719941,0.001329637587192543,768
3dfront_0053_00,smooth100_thr001_close1_min64,0.01,1.0,1,0,64,95x160x85,1.0,0.08282823860645294,0.08282826095819473,0.4212686896324158,544940,0.42178018575851395,0.8771196091016377,0.544184680882299,0.5056361202758809,179217,0.13871284829721361,0.32887473850332144,0.6711252614966785,2.2360680103302,5.099019527435303,4.582575798034668,14.696938514709473,0.05767672881484032,0.1549733936786651,20,0.9992937529235877,0.999827565648876,0.00035770955818283546,195
3dfront_1003_03,raw_thr001,0.01,0.0,0,0,0,160x110x84,1.0,0.09865285456180573,0.09865285456180573,0.6192526906728745,512457,0.3466294642857143,1.0,1.0,1.0,386679,0.2615523538961039,0.7545589190897968,0.24544108091020322,1.4142135381698608,2.8284270763397217,3.7416574954986572,14.491376876831055,0.20415882766246796,0.5332827210426331,352,0.9974866183894454,0.9983764491459771,0.0,0
3dfront_1003_03,smooth075_thr001,0.01,0.75,0,0,0,160x110x84,1.0,0.09865285456180573,0.09865285456180573,0.4968435361981393,713418,0.4825608766233766,0.9984096226610233,0.717170018138034,0.7163516667530063,264259,0.17874661796536798,0.37041257719878107,0.6295874228012189,3.0,5.74456262588501,5.0,15.36229133605957,0.07836321741342545,0.2148030921816826,58,0.9983586060346108,0.9996411640861318,0.0,0
3dfront_1003_03,smooth100_thr001,0.01,1.0,0,0,0,160x110x84,1.0,0.09865285456180573,0.09865283221006393,0.4628358721733094,760060,0.5141098484848485,0.9978905547197131,0.672810041312528,0.6718544921374621,228965,0.1548735119047619,0.3012459542667684,0.6987540457332315,3.605551242828369,7.211102485656738,5.385164737701416,15.779733657836914,0.055317483842372894,0.14594779014587397,17,0.9995395100386811,0.9999447412046417,0.0,0
3dfront_1003_03,smooth100_thr002,0.02,1.0,0,0,0,160x110x84,1.0,0.09865285456180573,0.09865283221006393,0.4628358721733094,703170,0.47562905844155845,0.991521239830854,0.7226019312541775,0.7181642792025611,243297,0.16456777597402597,0.34600025598361706,0.653999744016383,3.0,6.164413928985596,5.196152210235596,16.0,0.06548839807510376,0.15894051492214198,23,0.9981796720565439,0.9994723893226389,0.0,0
3dfront_1003_03,smooth100_thr001_min64,0.01,1.0,0,0,64,160x110x84,1.0,0.09865285456180573,0.09865283221006393,0.4628358721733094,759916,0.5140124458874459,0.9977520065098144,0.6728441038220013,0.6718256450146374,228823,0.15477746212121213,0.30111617599839985,0.6988838240016002,3.605551242828369,7.211102485656738,5.385164737701416,15.81138801574707,0.055343516170978546,0.1459766238927841,17,0.9995395100386811,0.9999447412046417,0.0001894587269426098,144
3dfront_1003_03,smooth100_thr001_min256,0.01,1.0,0,0,256,160x110x84,1.0,0.09865285456180573,0.09865283221006393,0.4628358721733094,759710,0.5138731060606061,0.99762906936582,0.6729436232246515,0.6718691066793705,228633,0.1546489448051948,0.30094773005488934,0.6990522699451107,3.605551242828369,7.211102485656738,5.385164737701416,15.81138801574707,0.05537082999944687,0.14600840210914612,17,0.9995395100386811,0.9999447412046417,0.00046048996131884323,350
3dfront_1003_03,smooth100_thr001_close1_min64,0.01,1.0,1,0,64,160x110x84,1.0,0.09865285456180573,0.09865283221006393,0.4628358721733094,707988,0.478887987012987,0.8845776328550493,0.640276388865348,0.5909087946481528,187449,0.12679180194805195,0.2647629620841031,0.7352370379158969,3.0,5.916079998016357,5.0,15.394804000854492,0.05490744113922119,0.14909176528453827,9,0.9995989063135535,0.9999844646811588,0.00010733493017580331,76
3dfront_0092_00,raw_thr001,0.01,0.0,0,0,0,160x152x109,1.0,0.08498746156692505,0.08498746156692505,0.5482357800006848,760886,0.2870314763399324,1.0,1.0,1.0,530032,0.19994567841622404,0.6965984391879992,0.30340156081200076,1.4142135381698608,3.0,5.916079998016357,16.0,0.17782247066497803,0.4958948418498037,581,0.9875750112369002,0.9971822322923539,0.0,0
3dfront_0092_00,smooth075_thr001,0.01,0.75,0,0,0,160x152x109,1.0,0.08498746156692505,0.08498744666576385,0.4846827879548069,1003890,0.37870065789473684,0.9986450006965564,0.7569106176971581,0.7561340642697286,337471,0.12730527221149204,0.3361633246670452,0.6638366753329548,3.1622776985168457,7.211102485656738,7.071067810058594,16.0,0.0766015499830246,0.21677511185407639,153,0.9851248642779588,0.9981701182400462,0.0,0
3dfront_0092_00,smooth100_thr001,0.01,1.0,0,0,0,160x152x109,1.0,0.08498746156692505,0.08498740941286087,0.46241095662117004,1061336,0.4003711974891357,0.9976461651285475,0.7152259039550152,0.7140209965507414,305540,0.11525983824239498,0.28788244250642586,0.7121175574935741,3.7416574954986572,8.366600036621094,7.348469257354736,16.0,0.05580367147922516,0.14954668506979943,59,0.9849397363323208,0.998760995575388,0.0,0
3dfront_0092_00,smooth100_thr002,0.02,1.0,0,0,0,160x152x109,1.0,0.08498746156692505,0.08498740941286087,0.46241095662117004,982668,0.37069501448575565,0.9910972208714578,0.767412798625782,0.7621588733852009,312292,0.11780691694833414,0.31780011153309157,0.6821998884669085,3.1622776985168457,7.348469257354736,7.681145668029785,16.0,0.06614090502262115,0.16201528087258352,53,0.9885383466236817,0.9989609919118155,0.0,0
3dfront_0092_00,smooth100_thr001_min64,0.01,1.0,0,0,64,160x152x109,1.0,0.08498746156692505,0.08498740941286087,0.46241095662117004,1060761,0.40015428838725253,0.9972702875332179,0.7153439841773972,0.7139460576306078,304968,0.11504406084017382,0.2874992576084528,0.7125007423915473,3.7416574954986572,8.366600036621094,7.8102498054504395,16.0,0.05588958412408829,0.14961832836270314,59,0.9849397363323208,0.998760995575388,0.000541769995552775,575
3dfront_0092_00,smooth100_thr001_min256,0.01,1.0,0,0,256,160x152x109,1.0,0.08498746156692505,0.08498740941286087,0.46241095662117004,1060021,0.39987513580395945,0.9968970384525409,0.7155754461468217,0.7139851767066837,304257,0.11477584802028006,0.2870292192324492,0.7129707807675508,3.7416574954986572,8.366600036621094,8.0,16.0,0.05598503351211548,0.14969169795513154,59,0.9849397363323208,0.998760995575388,0.0012390044246119985,1315
3dfront_0092_00,smooth100_thr001_close1_min64,0.01,1.0,1,0,64,160x152x109,1.0,0.08498746156692505,0.08498740941286087,0.46241095662117004,989527,0.37328245714630615,0.8945242782755892,0.687834692737035,0.6362333634329237,261717,0.09872834681313375,0.2644869720583673,0.7355130279416326,3.0,6.0,7.141428470611572,16.0,0.05491526052355766,0.1482276529073715,31,0.9870005344875841,0.9995766535014999,0.00020813694198334299,206
3dfront_0045_00,raw_thr001,0.01,0.0,0,0,0,156x160x111,1.0,0.08071185648441315,0.08071185648441315,0.5460916489362708,725081,0.2617091851466851,1.0,1.0,1.0,533266,0.19247588935088936,0.7354571420296491,0.26454285797035093,1.4142135381698608,2.8284270763397217,5.4772257804870605,16.0,0.20187631249427795,0.5176526457071304,623,0.9889198586089002,0.9965203887565665,0.0,0
3dfront_0045_00,smooth075_thr001,0.01,0.75,0,0,0,156x160x111,1.0,0.08071185648441315,0.08071187883615494,0.4694135740399359,1019406,0.3679422210672211,0.9983822497072741,0.7101272701946035,0.7093110871377913,386536,0.139515477015477,0.3791776779810988,0.6208223220189012,2.8284270763397217,5.74456262588501,7.0,16.0,0.07912781834602356,0.21380195394158363,184,0.987091502306245,0.9976702118684803,0.0,0
3dfront_0045_00,smooth100_thr001,0.01,1.0,0,0,0,156x160x111,1.0,0.08071185648441315,0.08071180433034897,0.44395562857389403,1096910,0.39591634904134904,0.997498210544753,0.659367678296305,0.658279058253028,346394,0.1250267094017094,0.3157907212077563,0.6842092787922437,3.1622776985168457,6.557438373565674,7.4833149909973145,16.0,0.055448099970817566,0.1449132628738879,73,0.9871666773026045,0.9981347603723186,0.0,0
3dfront_0045_00,smooth100_thr002,0.02,1.0,0,0,0,156x160x111,1.0,0.08071185648441315,0.08071180433034897,0.44395562857389403,1002835,0.3619611197736198,0.9903238396813597,0.7160350406597297,0.7110603445458785,357988,0.12921142296142296,0.35697597311621554,0.6430240268837845,2.8284270763397217,6.0,7.681145668029785,16.0,0.06854201853275299,0.16250180602073666,59,0.9898836797678581,0.9988053867286244,0.0,0
3dfront_0045_00,smooth100_thr001_min64,0.01,1.0,0,0,64,156x160x111,1.0,0.08071185648441315,0.08071180433034897,0.44395562857389403,1096261,0.3956821003696004,0.9970030934474907,0.6594305553148383,0.6581260230473565,345750,0.12479426541926542,0.31539022185410226,0.6846097781458977,3.1622776985168457,6.633249759674072,7.874007701873779,16.0,0.05553183704614639,0.14498560056090354,73,0.9871666773026045,0.9981347603723186,0.0005916620324365718,649
3dfront_0045_00,smooth100_thr001_min256,0.01,1.0,0,0,256,156x160x111,1.0,0.08071185648441315,0.08071180433034897,0.44395562857389403,1095553,0.3954265563640564,0.9966169296947514,0.6596011329438193,0.6581275512155671,345057,0.12454413548163548,0.3149614852042758,0.6850385147957242,3.1622776985168457,6.633249759674072,8.062257766723633,16.0,0.05561234802007675,0.145054504275322,73,0.9871666773026045,0.9981347603723186,0.0012371115223673774,1357
3dfront_0045_00,smooth100_thr001_close1_min64,0.01,1.0,1,0,64,156x160x111,1.0,0.08071185648441315,0.08071180433034897,0.44395562857389403,1047038,0.377915656040656,0.9088832833848908,0.6294079106966509,0.592050165977154,276295,0.0997253262878263,0.2638824951911965,0.7361175048088036,3.0,6.0,7.4833149909973145,16.0,0.05453571304678917,0.15089207738637922,47,0.987483746054659,0.9989059018290343,0.00038188417834754895,400
3dfront_1014_00,raw_thr001,0.01,0.0,0,0,0,129x160x114,1.0,0.12102983891963959,0.12102983891963959,0.7852894395589827,885971,0.3765346627226982,1.0,1.0,1.0,555162,0.2359419624643003,0.6266141894034907,0.3733858105965093,1.4142135381698608,3.7416574954986572,4.123105525970459,16.0,0.21229511499404907,0.546278429031372,745,0.9978215991268338,0.9981297356234008,0.0,0
3dfront_1014_00,smooth075_thr001,0.01,0.75,0,0,0,129x160x114,1.0,0.12102983891963959,0.12102986872196198,0.6082026124000548,1156154,0.49136151910784714,0.9980360530988035,0.764803823712066,0.76365453141652,358572,0.1523918808649531,0.31014207449872594,0.689857925501274,3.316624879837036,7.8102498054504395,5.385164737701416,16.0,0.07294324040412903,0.20868148133158684,147,0.9982683967706725,0.9992431804067624,0.0,0
3dfront_1014_00,smooth100_thr001,0.01,1.0,0,0,0,129x160x114,1.0,0.12102983891963959,0.12102986872196198,0.5752640128135678,1217305,0.5173504861961105,0.9970529509430895,0.725668587576655,0.7241154308985209,310727,0.13205791853665172,0.25525813169255035,0.7447418683074496,4.123105525970459,9.273618698120117,5.830951690673828,16.0,0.05084259808063507,0.13916804939508445,51,0.998354561921622,0.9996073293053097,0.0,0
3dfront_1014_00,smooth100_thr002,0.02,1.0,0,0,0,129x160x114,1.0,0.12102983891963959,0.12102986872196198,0.5752640128135678,1128594,0.4796486128110975,0.9871970978734067,0.7749713360163176,0.7672599450671397,325471,0.13832406840745273,0.2883862575913039,0.7116137424086961,3.605551242828369,8.124038696289062,5.830951690673828,16.0,0.060995955020189285,0.15399374812841415,58,0.9984299048196251,0.9995401357795629,0.0,0
3dfront_1014_00,smooth100_thr001_min64,0.01,1.0,0,0,64,129x160x114,1.0,0.12102983891963959,0.12102986872196198,0.5752640128135678,1216897,0.5171770875832994,0.9967764181897601,0.7257105572616253,0.724011336721451,310319,0.13188451992384062,0.2550084353893551,0.7449915646106449,4.123105525970459,9.273618698120117,6.0,16.0,0.050898801535367966,0.13920544385910025,51,0.998354561921622,0.9996073293053097,0.00033516661806203045,408
3dfront_1014_00,smooth100_thr001_min256,0.01,1.0,0,0,256,129x160x114,1.0,0.12102983891963959,0.12102986872196198,0.5752640128135678,1216577,0.5170410886712906,0.9966951514214348,0.725842260703597,0.7240995321872399,310025,0.1317595709234326,0.2548338493987639,0.7451661506012361,4.123105525970459,9.273618698120117,6.0,16.0,0.05091514810919762,0.13924345672130584,51,0.998354561921622,0.9996073293053097,0.0005980423969342112,728
3dfront_1014_00,smooth100_thr001_close1_min64,0.01,1.0,1,0,64,129x160x114,1.0,0.12102983891963959,0.12102986872196198,0.5752640128135678,1149655,0.48859946620427036,0.9067779870898709,0.6988000748050502,0.6519626341147513,256289,0.108921953624371,0.22292687806341902,0.777073121936581,3.0,7.071067810058594,5.385164737701416,16.0,0.05029944330453873,0.14084905683994292,25,0.9998095443500766,0.9999208608943241,0.0001904556499233829,219
3dfront_0040_00,raw_thr001,0.01,0.0,0,0,0,160x127x111,1.0,0.07954108715057373,0.07954108715057373,0.5535075247287747,592770,0.2628085762928283,1.0,1.0,1.0,454259,0.20139879052280626,0.7663326416654014,0.23366735833459862,1.4142135381698608,2.4494898319244385,5.099019527435303,15.29705810546875,0.20632809400558472,0.5291905581951141,614,0.9791015064864956,0.9957740776355078,0.0,0
3dfront_0040_00,smooth075_thr001,0.01,0.75,0,0,0,160x127x111,1.0,0.07954108715057373,0.07954103499650955,0.46725121736526487,841349,0.37301775200397247,0.9981712974678205,0.7032586952620138,0.7023537776891456,329310,0.14600180889550968,0.39140713306844127,0.6085928669315588,2.4494898319244385,5.385164737701416,6.164413928985596,16.0,0.07844482362270355,0.22201680168509483,190,0.9771248316691409,0.9969204218463443,0.0,0
3dfront_0040_00,smooth100_thr001,0.01,1.0,0,0,0,160x127x111,1.0,0.07954108715057373,0.07954103499650955,0.4398248985409734,904645,0.40108046038164147,0.9971017426657894,0.6533524200100592,0.6521139984752246,295137,0.1308509789316876,0.32624620707570373,0.6737537929242963,3.0,6.324555397033691,6.633249759674072,16.0,0.05549607425928116,0.1497130990028382,77,0.9768649580774779,0.9975294176168552,0.0,0
3dfront_0040_00,smooth100_thr002,0.02,1.0,0,0,0,160x127x111,1.0,0.07954108715057373,0.07954103499650955,0.4398248985409734,823818,0.3652452649499894,0.9883749177589959,0.7111752838612412,0.7052758547216895,303491,0.13455478115911187,0.3683956893391502,0.6316043106608498,2.8284270763397217,5.74456262588501,6.7082037925720215,16.0,0.06781881302595139,0.16550011932849884,64,0.9808222204418937,0.9984863161523541,0.0,0
3dfront_0040_00,smooth100_thr001_min64,0.01,1.0,0,0,64,160x127x111,1.0,0.07954108715057373,0.07954103499650955,0.4398248985409734,903841,0.4007240015606157,0.9964657455674207,0.6535164923919141,0.6520052189117111,294335,0.13049540682414698,0.3256490909352419,0.6743509090647581,3.0,6.324555397033691,7.0,16.0,0.05561992526054382,0.14982909709215164,77,0.9768649580774779,0.9975294176168552,0.0008887464143393265,804
3dfront_0040_00,smooth100_thr001_min256,0.01,1.0,0,0,256,160x127x111,1.0,0.07954108715057373,0.07954103499650955,0.4398248985409734,902681,0.4002097077392353,0.99562562207939,0.6538046109312149,0.6519319012807172,293233,0.13000682769383556,0.3248467620344285,0.6751532379655715,3.0,6.324555397033691,7.141428470611572,16.0,0.055760353803634644,0.1500369787216186,77,0.9768649580774779,0.9975294176168552,0.0021710173604010414,1964
3dfront_0040_00,smooth100_thr001_close1_min64,0.01,1.0,1,0,64,160x127x111,1.0,0.07954108715057373,0.07954103499650955,0.4398248985409734,860094,0.3813284741434348,0.901056058842384,0.6210007278274235,0.5813571774540269,241340,0.10699971625168475,0.28059723704618333,0.7194027629538167,2.8284270763397217,6.0,6.557438373565674,16.0,0.05488509312272072,0.15385865196585644,38,0.9760815982168694,0.9982719529952621,0.00048227270138952643,415
3dfront_0044_01,raw_thr001,0.01,0.0,0,0,0,141x160x109,1.0,0.09829477965831757,0.09829477965831757,0.6136554509401315,826113,0.3359493948858091,1.0,1.0,1.0,697817,0.28377618908191815,0.8446992118511633,0.15530078814883674,1.0,2.2360680103302,2.8284270763397217,12.569805145263672,0.2003191113471985,0.5000503420829773,769,0.9971577738154466,0.997723071783158,0.0,0
3dfront_0044_01,smooth075_thr001,0.01,0.75,0,0,0,141x160x109,1.0,0.09829477965831757,0.09829480946063995,0.4947724625468253,1243001,0.5054822207040146,0.9981612684947458,0.6633896513357592,0.6625799505030052,480732,0.1954958032402889,0.3867510967408715,0.6132489032591285,2.4494898319244385,5.385164737701416,4.123105525970459,13.45362377166748,0.06919964402914047,0.19345657303929326,130,0.9986202746417743,0.9993467422793707,0.0,0
3dfront_0044_01,smooth100_thr001,0.01,1.0,0,0,0,141x160x109,1.0,0.09829477965831757,0.09829476475715637,0.46412745863199145,1335812,0.5432249983733489,0.9973853455883154,0.616818085179651,0.6158223042036755,409096,0.16636410957121478,0.3062526762748051,0.6937473237251949,3.0,6.480740547180176,4.582575798034668,13.892443656921387,0.04831748083233833,0.13516533747315407,39,0.9987782711938507,0.9995448461310424,0.0,0
3dfront_0044_01,smooth100_thr002,0.02,1.0,0,0,0,141x160x109,1.0,0.09829477965831757,0.09829476475715637,0.46412745863199145,1208729,0.49154507450061813,0.9879435379905654,0.6752158672456771,0.6696975192194234,436234,0.17740012362547986,0.3609030642931542,0.6390969357068458,2.8284270763397217,5.74456262588501,4.358899116516113,13.928388595581055,0.05972538888454437,0.14927036389708517,56,0.9986233473342659,0.9993050551447016,0.0,0
3dfront_0044_01,smooth100_thr001_min64,0.01,1.0,0,0,64,141x160x109,1.0,0.09829477965831757,0.09829476475715637,0.46412745863199145,1335539,0.5431139794391308,0.9972158772468174,0.6168393435159887,0.6157788792223877,408825,0.16625390396252196,0.3061123636224775,0.6938876363775225,3.0,6.480740547180176,4.690415859222412,13.928388595581055,0.04834170266985893,0.13518072366714476,39,0.9987782711938507,0.9995448461310424,0.00020437007602866272,273
3dfront_0044_01,smooth100_thr001_min256,0.01,1.0,0,0,256,141x160x109,1.0,0.09829477965831757,0.09829476475715637,0.46412745863199145,1334806,0.5428158956340686,0.9969471488767275,0.6170117605105161,0.6158481688860175,408145,0.16597737328388315,0.30577102590189137,0.6942289740981087,3.0,6.480740547180176,5.0,14.247806549072266,0.048387426882982254,0.13525428473949433,39,0.9987782711938507,0.9995448461310424,0.0007530999871239366,1006
3dfront_0044_01,smooth100_thr001_close1_min64,0.01,1.0,1,0,64,141x160x109,1.0,0.09829477965831757,0.09829476475715637,0.46412745863199145,1304133,0.5303423287136444,0.9216523647491324,0.5838277230926601,0.5562224542081459,306190,0.12451607131238207,0.2347843356467477,0.7652156643532523,3.0,7.0,4.4721360206604,13.747727394104004,0.047297652810811996,0.14174989759922024,20,0.9992018603324585,0.9998221244929206,0.00011500571578407447,150
3dfront_0025_00,raw_thr001,0.01,0.0,0,0,0,106x160x90,1.0,0.09674976766109467,0.09674976766109467,0.5317152351140979,565614,0.3705542452830189,1.0,1.0,1.0,413363,0.2708090932914046,0.7308217264777745,0.26917827352222545,1.4142135381698608,2.8284270763397217,2.4494898319244385,11.180339813232422,0.17081031203269958,0.45146888494491555,292,0.9980552107974696,0.99862627162694,0.0,0
3dfront_0025_00,smooth075_thr001,0.01,0.75,0,0,0,106x160x90,1.0,0.09674976766109467,0.09674975275993347,0.45141469687223434,813352,0.532856394129979,0.9991867245153054,0.6948455281354199,0.6944527728762908,333227,0.2183090932914046,0.4096959250115571,0.590304074988443,2.2360680103302,4.690415859222412,3.1622776985168457,12.0,0.07190511375665665,0.18947680294513702,87,0.9986598668227287,0.999510666968299,0.0,0
3dfront_0025_00,smooth100_thr001,0.01,1.0,0,0,0,106x160x90,1.0,0.09674976766109467,0.09674975275993347,0.42197405993938464,880248,0.576682389937107,0.9985820718723369,0.6416509892666612,0.6410669088019976,288222,0.1888246855345912,0.327432723505194,0.6725672764948061,3.0,5.830951690673828,3.605551242828369,12.165525436401367,0.050134919583797455,0.13073417246341712,31,0.9988151066517618,0.999755750652089,0.0,0
3dfront_0025_00,smooth100_thr002,0.02,1.0,0,0,0,106x160x90,1.0,0.09674976766109467,0.09674975275993347,0.42197405993938464,798741,0.5232841981132076,0.9926964325494065,0.7029600333524885,0.6993431082414133,306333,0.20068985849056603,0.3835198143077668,0.6164801856922332,2.4494898319244385,5.099019527435303,3.316624879837036,12.206555366516113,0.061787787824869156,0.14665239751338946,31,0.9974547444040058,0.999460400805768,0.0,0
3dfront_0025_00,smooth100_thr001_min64,0.01,1.0,0,0,64,106x160x90,1.0,0.09674976766109467,0.09674975275993347,0.42197405993938464,879912,0.5764622641509434,0.9982620656490115,0.6416903053941758,0.6409742364299945,287888,0.18860587002096435,0.3271781723626908,0.6728218276373092,3.0,5.830951690673828,3.605551242828369,12.206555366516113,0.05018097907304764,0.13078493624925608,31,0.9988151066517618,0.999755750652089,0.00038171060882842106,336
3dfront_0025_00,smooth100_thr001_min256,0.01,1.0,0,0,256,106x160x90,1.0,0.09674976766109467,0.09674975275993347,0.42197405993938464,879912,0.5764622641509434,0.9982620656490115,0.6416903053941758,0.6409742364299945,287888,0.18860587002096435,0.3271781723626908,0.6728218276373092,3.0,5.830951690673828,3.605551242828369,12.206555366516113,0.05018097907304764,0.13078493624925608,31,0.9988151066517618,0.999755750652089,0.00038171060882842106,336
3dfront_0025_00,smooth100_thr001_close1_min64,0.01,1.0,1,0,64,106x160x90,1.0,0.09674976766109467,0.09674975275993347,0.42197405993938464,856174,0.5609106394129979,0.920923103034932,0.6083891825727014,0.5781845063997043,214391,0.14045531970649897,0.25040587544120707,0.7495941245587929,3.0,6.082762718200684,3.316624879837036,12.083045959472656,0.04868065565824509,0.13808778673410416,17,0.9990330435188808,0.999894896034661,0.00014130644228916436,121
3dfront_0033_01,raw_thr001,0.01,0.0,0,0,0,120x160x115,1.0,0.10593751072883606,0.10593751072883606,0.6487441182136531,797380,0.36113224637681157,1.0,1.0,1.0,372784,0.16883333333333334,0.4675110988487296,0.5324889011512703,2.2360680103302,5.099019527435303,6.082762718200684,16.0,0.15175947546958923,0.47031962126493454,575,0.9979257066894078,0.9984762597506834,0.0,0
3dfront_0033_01,smooth075_thr001,0.01,0.75,0,0,0,120x160x115,1.0,0.10593751072883606,0.10593751072883606,0.5689012110233306,956934,0.43339402173913044,0.9980536256239183,0.8316435616249397,0.8302969474775844,263576,0.1193731884057971,0.27543801348891356,0.7245619865110864,4.0,9.0,7.348469257354736,16.0,0.060316234827041626,0.17503902688622475,141,0.998276788158849,0.9994534628302474,0.0,0
3dfront_0033_01,smooth100_thr001,0.01,1.0,0,0,0,120x160x115,1.0,0.10593751072883606,0.10593749582767487,0.5480890184640883,996986,0.45153351449275364,0.9971569389751436,0.7975167153801558,0.7957073934228869,242102,0.10964764492753623,0.24283390137875557,0.7571660986212444,4.358899116516113,10.0,8.0,16.0,0.044735923409461975,0.12442507632076738,46,0.9983409997733168,0.9997472381758621,0.0,0
3dfront_0033_01,smooth100_thr002,0.02,1.0,0,0,0,120x160x115,1.0,0.10593751072883606,0.10593749582767487,0.5480890184640883,932384,0.42227536231884055,0.9892899245027464,0.8460462642001578,0.8383673920529182,246278,0.11153894927536231,0.2641379517452037,0.7358620482547963,4.0,9.05538558959961,8.062257766723633,16.0,0.054194994270801544,0.1397361673414707,29,0.9983064917458901,0.9998058739746714,0.0,0
3dfront_0033_01,smooth100_thr001_min64,0.01,1.0,0,0,64,120x160x115,1.0,0.10593751072883606,0.10593749582767487,0.5480890184640883,996669,0.45138994565217394,0.9968659861044922,0.7975375977380655,0.7955428916858827,241785,0.10950407608695652,0.24259307754129003,0.75740692245871,4.358899116516113,10.0,8.062257766723633,16.0,0.044785276055336,0.12448184043169017,46,0.9983409997733168,0.9997472381758621,0.0003179583263957568,317
3dfront_0033_01,smooth100_thr001_min256,0.01,1.0,0,0,256,120x160x115,1.0,0.10593751072883606,0.10593749582767487,0.5480890184640883,996669,0.45138994565217394,0.9968659861044922,0.7975375977380655,0.7955428916858827,241785,0.10950407608695652,0.24259307754129003,0.75740692245871,4.358899116516113,10.0,8.062257766723633,16.0,0.044785276055336,0.12448184043169017,46,0.9983409997733168,0.9997472381758621,0.0003179583263957568,317
3dfront_0033_01,smooth100_thr001_close1_min64,0.01,1.0,1,0,64,120x160x115,1.0,0.10593751072883606,0.10593749582767487,0.5480890184640883,929669,0.42104574275362316,0.9065251197672377,0.777529421761939,0.7198188814224998,211779,0.09591440217391305,0.22780043219683566,0.7721995678031643,3.0,7.211102485656738,7.348469257354736,16.0,0.04456515982747078,0.12865034937858577,22,0.9985556204432944,0.9998913757742165,0.00015271920852732437,142
3dfront_0012_00,raw_thr001,0.01,0.0,0,0,0,136x160x124,1.0,0.09826388210058212,0.09826388210058212,0.5461085259914397,1094434,0.40561032376660344,1.0,1.0,1.0,650915,0.24123688033681215,0.5947503458408638,0.40524965415913616,1.4142135381698608,3.7416574954986572,3.1622776985168457,15.329710006713867,0.1452498435974121,0.43894336521625515,633,0.9743492983587864,0.9979222136739173,0.0,0
3dfront_0012_00,smooth075_thr001,0.01,0.75,0,0,0,136x160x124,1.0,0.09826388210058212,0.09826382994651794,0.46865298599004657,1399779,0.5187748310009488,0.9982612016805034,0.7805024936079196,0.7794428408155345,450824,0.16708076375711575,0.3220679835888379,0.6779320164111621,3.0,7.348469257354736,4.4721360206604,16.0,0.05788054317235947,0.1649136923253536,217,0.9982275773532822,0.998829100879496,0.0,0
3dfront_0012_00,smooth100_thr001,0.01,1.0,0,0,0,136x160x124,1.0,0.09826388210058212,0.09826384484767914,0.44510728269815447,1479359,0.5482681303368121,0.9970148953705751,0.7375944581403162,0.735969152031598,393967,0.14600887986242883,0.266309259618524,0.7336907403814761,3.605551242828369,8.5440034866333,5.0,16.0,0.04098128154873848,0.11165927723050108,91,0.9987183638319028,0.9993794609692441,0.0,0
3dfront_0012_00,smooth100_thr002,0.02,1.0,0,0,0,136x160x124,1.0,0.09826388210058212,0.09826384484767914,0.44510728269815447,1354155,0.501866031190702,0.9866268774544651,0.7973961621823203,0.7888698859066139,413917,0.15340258835388995,0.3056644180319092,0.6943355819680908,3.1622776985168457,7.6157732009887695,5.0,16.0,0.05080105736851692,0.12832335829734795,74,0.9745893195387529,0.9993590098622388,0.0,0
3dfront_0012_00,smooth100_thr001_min64,0.01,1.0,0,0,64,136x160x124,1.0,0.09826388210058212,0.09826384484767914,0.44510728269815447,1478521,0.5479575575189753,0.9965306267897379,0.7376540475245195,0.7357645255606422,393131,0.14569904826850094,0.2658947691645908,0.7341052308354092,3.605551242828369,8.5440034866333,5.099019527435303,16.0,0.04104747250676155,0.11173690110445023,91,0.9987183638319028,0.9993794609692441,0.000566461555308752,838
3dfront_0012_00,smooth100_thr001_min256,0.01,1.0,0,0,256,136x160x124,1.0,0.09826388210058212,0.09826384484767914,0.44510728269815447,1478229,0.5478493388282732,0.9964091027873768,0.7377097865080444,0.7357537214293474,392840,0.14559120018975333,0.2657504351490872,0.7342495648509129,3.605551242828369,8.5440034866333,5.099019527435303,16.0,0.041068680584430695,0.1117655638605356,91,0.9987183638319028,0.9993794609692441,0.0007638443406907992,1130
3dfront_0012_00,smooth100_thr001_close1_min64,0.01,1.0,1,0,64,136x160x124,1.0,0.09826388210058212,0.09826384484767914,0.44510728269815447,1435452,0.5319956712523719,0.9287394214726516,0.7081003056876858,0.6716108050391095,308440,0.11431155123339659,0.21487308527209548,0.7851269147279045,3.1622776985168457,8.0,5.0,16.0,0.03986987844109535,0.11535354666411868,47,0.9994762768016392,0.9997910678729943,0.0002932014182312781,421
3dfront_1001_01,raw_thr001,0.01,0.0,0,0,0,138x160x100,1.0,0.0718272477388382,0.0718272477388382,0.44378417432308154,645783,0.29247418478260867,1.0,1.0,1.0,394205,0.1785348731884058,0.610429509603071,0.38957049039692904,1.4142135381698608,3.7416574954986572,4.4721360206604,16.0,0.13443078100681305,0.41784719824790933,409,0.9963842343325854,0.9974434136544319,0.0,0
3dfront_1001_01,smooth075_thr001,0.01,0.75,0,0,0,138x160x100,1.0,0.0718272477388382,0.07182721048593521,0.4077938392758349,852126,0.3859266304347826,0.9986853168943748,0.7568528597883412,0.7560995339839972,329525,0.14924139492753624,0.3867092425298606,0.6132907574701394,2.4494898319244385,5.4772257804870605,5.385164737701416,16.0,0.058701030910015106,0.17050209343433376,97,0.9972879597618193,0.9986563020022861,0.0,0
3dfront_1001_01,smooth100_thr001,0.01,1.0,0,0,0,138x160x100,1.0,0.0718272477388382,0.0718272402882576,0.39180140495300264,910458,0.41234510869565216,0.997706659977113,0.707668008848294,0.7065187474162197,302651,0.13707019927536232,0.33241621249964304,0.667583787500357,3.0,6.4031243324279785,5.830951690673828,16.0,0.04327563941478729,0.12379080802202225,40,0.9974781922944277,0.9988884715165335,0.0,0
3dfront_1001_01,smooth100_thr002,0.02,1.0,0,0,0,138x160x100,1.0,0.0718272477388382,0.0718272402882576,0.39180140495300264,816855,0.3699524456521739,0.9877915646587166,0.7809207264447179,0.7734556023178242,303776,0.13757971014492754,0.37188485104455504,0.628115148955445,2.8284270763397217,5.830951690673828,5.916079998016357,16.0,0.05364600196480751,0.14067545905709267,59,0.9960078594120132,0.9981734824418043,0.0,0
3dfront_1001_01,smooth100_thr001_min64,0.01,1.0,0,0,64,138x160x100,1.0,0.0718272477388382,0.0718272402882576,0.39180140495300264,910127,0.4121951992753623,0.9974387681310904,0.707735294085331,0.7064514395452417,302320,0.13692028985507246,0.33217342195100247,0.6678265780489976,3.0,6.4031243324279785,6.0,16.0,0.04331149160861969,0.12384601943194866,40,0.9974781922944277,0.9988884715165335,0.00036355328856465646,331
3dfront_1001_01,smooth100_thr001_min256,0.01,1.0,0,0,256,138x160x100,1.0,0.0718272477388382,0.0718272402882576,0.39180140495300264,908964,0.41166847826086955,0.9965994769140718,0.7080445430182053,0.7063380745423417,301250,0.1364356884057971,0.33142126640879066,0.6685787335912093,3.0,6.4031243324279785,6.082762718200684,16.0,0.04339808598160744,0.12401079982519149,40,0.9974781922944277,0.9988884715165335,0.0016409323659081474,1494
3dfront_1001_01,smooth100_thr001_close1_min64,0.01,1.0,1,0,64,138x160x100,1.0,0.0718272477388382,0.0718272402882576,0.39180140495300264,874269,0.3959551630434783,0.918322408610942,0.6783232620623629,0.6397275124997978,249644,0.11306340579710145,0.2855459818431169,0.714454018156883,2.8284270763397217,5.830951690673828,5.830951690673828,16.0,0.04232502728700638,0.12916986420750617,25,0.9989125885880117,0.9995895050505743,0.0003258803916053211,285
3dfront_0063_01,raw_thr001,0.01,0.0,0,0,0,105x160x67,1.0,0.07202145457267761,0.07202145457267761,0.5138399511575703,246964,0.21940653873489693,1.0,1.0,1.0,201406,0.17893212508884151,0.8155277692295233,0.1844722307704767,1.4142135381698608,2.4494898319244385,5.916079998016357,15.81138801574707,0.22159990668296814,0.5379348397254944,296,0.9900309356829335,0.9967444647802919,0.0,0
3dfront_0063_01,smooth075_thr001,0.01,0.75,0,0,0,105x160x67,1.0,0.07202145457267761,0.07202144712209702,0.44519872963428503,363312,0.32277185501066097,0.9987609530133946,0.678915092262298,0.6783437563596961,154362,0.13713752665245202,0.42487448804333466,0.5751255119566654,2.8284270763397217,5.830951690673828,6.7082037925720215,16.0,0.08821140974760056,0.23144236505031585,86,0.9894360769806667,0.9982549434095213,0.0,0
3dfront_0063_01,smooth100_thr001,0.01,1.0,0,0,0,105x160x67,1.0,0.07202145457267761,0.0720214694738388,0.4228213012218477,389945,0.34643301350390904,0.9977122171652548,0.6318814191744989,0.6309671967427211,142660,0.12674129353233832,0.36584646552718975,0.6341535344728102,3.1622776985168457,6.78233003616333,7.0,16.0,0.062534399330616,0.16134857982397077,33,0.9900267986510918,0.9988767646719409,0.0,0
3dfront_0063_01,smooth100_thr002,0.02,1.0,0,0,0,105x160x67,1.0,0.07202145457267761,0.0720214694738388,0.4228213012218477,359352,0.3192537313432836,0.9916425066001523,0.6815044858523119,0.6776125019368262,143487,0.12747601279317697,0.399293728711681,0.600706271288319,3.0,6.0,7.280109882354736,16.0,0.07291994243860245,0.17265589088201505,31,0.9922026314031924,0.9989536721654534,0.0,0
3dfront_0063_01,smooth100_thr001_min64,0.01,1.0,0,0,64,105x160x67,1.0,0.07202145457267761,0.0720214694738388,0.4228213012218477,389585,0.346113184079602,0.9969833659966635,0.6320032855474416,0.6307970179079241,142300,0.12642146410803126,0.3652604694739274,0.6347395305260726,3.1622776985168457,6.78233003616333,7.211102485656738,16.0,0.06266877055168152,0.16146958023309693,33,0.9900267986510918,0.9988767646719409,0.0009232071189526728,360
3dfront_0063_01,smooth100_thr001_min256,0.01,1.0,0,0,256,105x160x67,1.0,0.07202145457267761,0.0720214694738388,0.4228213012218477,389187,0.3457595948827292,0.9963557441570431,0.6322513341915326,0.6307926180569975,141933,0.1260954157782516,0.364691009720263,0.635308990279737,3.1622776985168457,6.78233003616333,7.549834251403809,16.0,0.06278166174888611,0.16154783964157102,33,0.9900267986510918,0.9988767646719409,0.0019438638782392388,758
3dfront_0063_01,smooth100_thr001_close1_min64,0.01,1.0,1,0,64,105x160x67,1.0,0.07202145457267761,0.0720214694738388,0.4228213012218477,342162,0.3039818763326226,0.8205446947733273,0.5922487009077572,0.5243336671142954,126734,0.11259239516702203,0.3703918027133346,0.6296081972866654,2.0,4.0,6.78233003616333,16.0,0.061252910643815994,0.16461543366312975,18,0.9918039490594696,0.9991850683491063,0.0005783385909568874,198
3dfront_0069_00,raw_thr001,0.01,0.0,0,0,0,160x99x63,1.0,0.0666806548833847,0.0666806548833847,0.4749667197465889,207823,0.20825617283950618,1.0,1.0,1.0,160951,0.1612864758698092,0.7744619219239449,0.22553807807605508,1.4142135381698608,2.8284270763397217,5.385164737701416,15.066518783569336,0.2200365662574768,0.5481435060501099,220,0.9949476236990131,0.9964296540806359,0.0,0
3dfront_0069_00,smooth075_thr001,0.01,0.75,0,0,0,160x99x63,1.0,0.0666806548833847,0.0666806772351265,0.417522239685058,313698,0.3143518518518518,0.9990713251180091,0.6618786221142627,0.6614716573587647,146187,0.14649170274170273,0.4660118967924564,0.5339881032075435,2.4494898319244385,5.656854152679443,6.0,15.033296585083008,0.0869794487953186,0.23333653360605236,63,0.998460302584014,0.999317815223559,0.0,0
3dfront_0069_00,smooth100_thr001,0.01,1.0,0,0,0,160x99x63,1.0,0.0666806548833847,0.0666806623339653,0.39713789224624596,340682,0.3413920955587622,0.9983158745663377,0.6089931372951902,0.6083681296769805,138334,0.1386223344556678,0.40605021691782955,0.5939497830821705,3.0,6.4031243324279785,6.164413928985596,15.264337539672852,0.06040773168206215,0.15683025419712068,24,0.9989315549397972,0.9997710474870994,0.0,0
3dfront_0069_00,smooth100_thr002,0.02,1.0,0,0,0,160x99x63,1.0,0.0666806548833847,0.0666806623339653,0.39713789224624596,308962,0.30960598043931375,0.9919835629357675,0.667256814753918,0.6636780972739096,135420,0.1357022607022607,0.4383063289336553,0.5616936710663447,2.8284270763397217,5.916079998016357,6.4031243324279785,15.65247631072998,0.07222162932157516,0.17080479934811582,24,0.9992458619506606,0.9997281219049592,0.0,0
3dfront_0069_00,smooth100_thr001_min64,0.01,1.0,0,0,64,160x99x63,1.0,0.0666806548833847,0.0666806623339653,0.39713789224624596,340547,0.34125681417348086,0.9979886730535119,0.6090348762432205,0.6082882407285205,138199,0.1384870530703864,0.40581476271997696,0.594185237280023,3.0,6.4031243324279785,6.324555397033691,15.42724895477295,0.06045621261000633,0.1568541392683983,24,0.9989315549397972,0.9997710474870994,0.00039626396463564263,135
3dfront_0069_00,smooth100_thr001_min256,0.01,1.0,0,0,256,160x99x63,1.0,0.0666806548833847,0.0666806623339653,0.39713789224624596,340318,0.3410273368606702,0.9975652358016196,0.6091861141638115,0.6082816937774335,137971,0.13825857784191117,0.405417873870909,0.594582126129091,3.0,6.4031243324279785,6.4031243324279785,15.55634880065918,0.06053484231233597,0.15691492706537247,24,0.9989315549397972,0.9997710474870994,0.0010684450602027698,364
3dfront_0069_00,smooth100_thr001_close1_min64,0.01,1.0,1,0,64,160x99x63,1.0,0.0666806548833847,0.0666806623339653,0.39713789224624596,298287,0.29890873015873015,0.8160598201354037,0.5685665147995052,0.5039790320759314,117537,0.11778198653198653,0.39403996821852777,0.6059600317814722,2.0,4.4721360206604,5.830951690673828,15.165750503540039,0.059690576046705246,0.1572361201047897,11,0.9995307650540626,0.9999597798617768,0.0002379691511539828,71
3dfront_0136_00,raw_thr001,0.01,0.0,0,0,0,160x112x98,1.0,0.08080269396305084,0.08080269396305084,0.4538278132677073,619319,0.35265522503644314,1.0,1.0,1.0,436474,0.24853885750728863,0.7047644267332344,0.29523557326676564,1.4142135381698608,3.0,4.242640495300293,16.0,0.14463356137275696,0.4545625969767567,451,0.9969272701144322,0.9983562590522816,0.0,0
3dfront_0136_00,smooth075_thr001,0.01,0.75,0,0,0,160x112x98,1.0,0.08080269396305084,0.08080266416072845,0.403665272891521,833141,0.4744106459548105,0.998323965516963,0.7421084786368694,0.7411850454159119,286097,0.16291055484693878,0.34339565571733954,0.6566043442826605,3.0,6.0,5.74456262588501,16.0,0.06226680427789688,0.18780120015144353,93,0.9990685850294247,0.9995366930687603,0.0,0
3dfront_0136_00,smooth100_thr001,0.01,1.0,0,0,0,160x112x98,1.0,0.08080269396305084,0.08080267906188965,0.3865715816617008,880364,0.5013005648688047,0.9972986457705965,0.7015802554397954,0.7002495360171965,251506,0.1432136024052478,0.2856841033935963,0.7143158966064037,3.605551242828369,7.211102485656738,6.082762718200684,16.0,0.04616529121994972,0.13691717386245728,29,0.9992821151251073,0.9997773648172801,0.0,0
3dfront_0136_00,smooth100_thr002,0.02,1.0,0,0,0,160x112x98,1.0,0.08080269396305084,0.08080267906188965,0.3865715816617008,805830,0.45885910167638483,0.9880029516291281,0.7593276497524292,0.7523903794604432,267100,0.15209320335276968,0.3314594889741012,0.6685405110258988,3.0,6.164413928985596,5.916079998016357,16.0,0.05417000502347946,0.145954342931509,32,0.9980107466835437,0.9995271955623395,0.0,0
3dfront_0136_00,smooth100_thr001_min64,0.01,1.0,0,0,64,160x112x98,1.0,0.08080269396305084,0.08080267906188965,0.3865715816617008,880168,0.5011889577259475,0.9971371780940033,0.7016228719971642,0.7002123724829665,251310,0.14310199526239067,0.28552503612946617,0.7144749638705339,3.605551242828369,7.211102485656738,6.082762718200684,16.0,0.04619496315717697,0.13693247139453887,29,0.9992821151251073,0.9997773648172801,0.00022263518271987496,196
3dfront_0136_00,smooth100_thr001_min256,0.01,1.0,0,0,256,160x112x98,1.0,0.08080269396305084,0.08080267906188965,0.3865715816617008,879732,0.5009406887755102,0.9968756004579223,0.7017864531470948,0.7002462380921595,250898,0.14286739249271138,0.28519821945774393,0.7148017805422561,3.605551242828369,7.211102485656738,6.164413928985596,16.0,0.046242062002420425,0.13700147047638891,29,0.9992821151251073,0.9997773648172801,0.000717884874892658,632
3dfront_0136_00,smooth100_thr001_close1_min64,0.01,1.0,1,0,64,160x112x98,1.0,0.08080269396305084,0.08080267906188965,0.3865715816617008,829886,0.4725571701895044,0.9056495925363182,0.675859093899644,0.6314015573234389,205534,0.1170360331632653,0.2476653419867307,0.7523346580132693,3.0,6.4031243324279785,5.656854152679443,16.0,0.04689555615186691,0.14156962186098096,8,0.9998554227318839,0.9999927711365942,0.0001445772681161341,120
3dfront_1003_00,raw_thr001,0.01,0.0,0,0,0,160x130x93,1.0,0.11311543732881546,0.11311543732881546,0.7725822269916524,634291,0.32790064102564104,1.0,1.0,1.0,432854,0.22376654259718776,0.6824217906292223,0.31757820937077774,1.4142135381698608,3.0,5.385164737701416,16.0,0.21243296563625336,0.545574840903282,293,0.9967727746412924,0.9989263602983489,0.0,0
3dfront_1003_00,smooth075_thr001,0.01,0.75,0,0,0,160x130x93,1.0,0.11311543732881546,0.1131153255701065,0.6157708466053008,830132,0.429141852770885,0.9991628448141311,0.763444849734741,0.7629568188302597,262257,0.1355753722084367,0.3159220461324223,0.6840779538675776,3.316624879837036,7.280109882354736,6.4031243324279785,16.0,0.08347735553979874,0.23187249898910517,62,0.999209764230267,0.9995952450935514,0.0,0
3dfront_1003_00,smooth100_thr001,0.01,1.0,0,0,0,160x130x93,1.0,0.11311543732881546,0.11311537772417068,0.5816474467515937,876660,0.4531947890818859,0.9987355961222846,0.7226165217986449,0.721956050518427,238964,0.1235339123242349,0.2725845823922615,0.7274154176077385,4.0,8.5440034866333,6.7082037925720215,16.0,0.059770368039608,0.1586527906358242,24,0.9993475235553122,0.9997536102936144,0.0,0
3dfront_1003_00,smooth100_thr002,0.02,1.0,0,0,0,160x130x93,1.0,0.11311543732881546,0.11311537772417068,0.5816474467515937,821483,0.4246706989247312,0.99444103731568,0.7678369485430617,0.7645552957604099,246305,0.12732888751033913,0.29982969824086436,0.7001703017591356,3.605551242828369,7.8102498054504395,6.7082037925720215,16.0,0.07074610888957977,0.17449149489402763,28,0.9975885076136695,0.9997309743476128,0.0,0
3dfront_1003_00,smooth100_thr001_min64,0.01,1.0,0,0,64,160x130x93,1.0,0.11311543732881546,0.11311537772417068,0.5816474467515937,876301,0.4530092018196857,0.9984928053527482,0.7227368221649867,0.7219492121464975,238608,0.12334987593052109,0.27229000081022386,0.7277099991897762,4.0,8.5440034866333,6.78233003616333,16.0,0.05983942374587059,0.1586963228881359,24,0.9993475235553122,0.9997536102936144,0.00040950881755754797,359
3dfront_1003_00,smooth100_thr001_min256,0.01,1.0,0,0,256,160x130x93,1.0,0.11311543732881546,0.11311537772417068,0.5816474467515937,876088,0.4528990901571547,0.9983729865314186,0.722825789190127,0.7219753283473185,238410,0.12324751861042184,0.2721301969665148,0.7278698030334851,4.0,8.5440034866333,6.928203105926514,16.0,0.05987195670604706,0.15872398316860198,24,0.9993475235553122,0.9997536102936144,0.0006524764446877923,572
3dfront_1003_00,smooth100_thr001_close1_min64,0.01,1.0,1,0,64,160x130x93,1.0,0.11311543732881546,0.11311537772417068,0.5816474467515937,806868,0.4171153846153846,0.8888664666533185,0.6987512207696922,0.6426103795595646,208282,0.10767266335814724,0.25813639901446084,0.7418636009855392,3.0,6.7082037925720215,6.082762718200684,16.0,0.059181664139032364,0.1609326042234897,15,0.9997720097341931,0.9999281335031696,0.00022799026580691206,184
3dfront_0087_00,raw_thr001,0.01,0.0,0,0,0,160x145x111,1.0,0.092921681702137,0.092921681702137,0.6176347762346266,784702,0.30471497359428396,1.0,1.0,1.0,507409,0.19703673501087293,0.6466263626191854,0.3533736373808146,1.4142135381698608,3.1622776985168457,7.071067810058594,16.0,0.18276512622833252,0.5054246306419372,415,0.997971204355284,0.9983050890656581,0.0,0
3dfront_0087_00,smooth075_thr001,0.01,0.75,0,0,0,160x145x111,1.0,0.092921681702137,0.09292162954807281,0.5305715471506116,997523,0.387357486797142,0.9991155878282456,0.7859548100645298,0.7854083831471513,300779,0.11679830692761728,0.3015258796037786,0.6984741203962215,3.464101552963257,7.280109882354736,8.246211051940918,16.0,0.07220267504453659,0.20975379496812802,153,0.9984291089027522,0.999012554096497,0.0,0
3dfront_0087_00,smooth100_thr001,0.01,1.0,0,0,0,160x145x111,1.0,0.092921681702137,0.09292168915271759,0.5064222335815429,1049030,0.40735865175520347,0.99818784710629,0.746670733916094,0.7456599635204655,273623,0.1062531065548307,0.2608342945387644,0.7391657054612356,4.0,8.124038696289062,8.774964332580566,16.0,0.05242619663476944,0.14546754509210585,46,0.9987378816621069,0.9994299495724622,0.0,0
3dfront_0087_00,smooth100_thr002,0.02,1.0,0,0,0,160x145x111,1.0,0.092921681702137,0.09292168915271759,0.5064222335815429,978287,0.3798877757067412,0.9922951642789237,0.7959382062728013,0.7910493704874265,282669,0.10976584342963654,0.2889428153496878,0.7110571846503122,3.605551242828369,7.348469257354736,8.774964332580566,16.0,0.06280926614999771,0.16192324757575977,35,0.9993846386592073,0.9997342293212523,0.0,0
3dfront_0087_00,smooth100_thr001_min64,0.01,1.0,0,0,64,160x145x111,1.0,0.092921681702137,0.09292168915271759,0.5064222335815429,1048432,0.4071264367816092,0.9977876952014905,0.7467971217971218,0.7455626147435458,273028,0.10602205653929792,0.26041555389381477,0.7395844461061852,4.0,8.124038696289062,9.0,16.0,0.05251546949148178,0.14553431048989293,46,0.9987378816621069,0.9994299495724622,0.0005700504275378207,598
3dfront_0087_00,smooth100_thr001_min256,0.01,1.0,0,0,256,160x145x111,1.0,0.092921681702137,0.09292168915271759,0.5064222335815429,1047706,0.4068445169307238,0.9975111571016768,0.7471074900783234,0.7457174187045507,272373,0.10576770736253495,0.2599708315118936,0.7400291684881064,4.0,8.124038696289062,9.110433578491211,16.0,0.052587881684303284,0.14562985599040984,46,0.9987378816621069,0.9994299495724622,0.0012621183378931013,1324
3dfront_0087_00,smooth100_thr001_close1_min64,0.01,1.0,1,0,64,160x145x111,1.0,0.092921681702137,0.09292168915271759,0.5064222335815429,976203,0.37907851817334576,0.9009165262736683,0.7241844165608997,0.6707607732405778,235141,0.09130980118049084,0.24087305611640203,0.7591269438835979,3.0,7.0,8.306623458862305,16.0,0.05217532813549042,0.14910054206848145,25,0.9991530882580346,0.9997542215017271,0.0002928860437751987,286
3dfront_0003_01,raw_thr001,0.01,0.0,0,0,0,160x153x150,1.0,0.1022024154663086,0.1022024154663086,0.699056750535964,1265440,0.34461873638344226,1.0,1.0,1.0,734888,0.20013289760348585,0.5807371349095967,0.41926286509040334,1.7320507764816284,3.7416574954986572,5.830951690673828,16.0,0.15568804740905762,0.4976439967751503,335,0.9984487609052978,0.9991402200025288,0.0,0
3dfront_0003_01,smooth075_thr001,0.01,0.75,0,0,0,160x153x150,1.0,0.1022024154663086,0.1022024005651474,0.5812492191791533,1612586,0.4391574074074074,0.9989726893412568,0.7839209815786569,0.7832895260260019,450065,0.1225667211328976,0.27909519244244957,0.7209048075575504,3.605551242828369,8.062257766723633,6.4031243324279785,16.0,0.07779185473918915,0.26744969487190245,60,0.9974909865272302,0.9995640542581915,0.0,0
3dfront_0003_01,smooth100_thr001,0.01,1.0,0,0,0,160x153x150,1.0,0.1022024154663086,0.1022024154663086,0.5500088274478908,1689422,0.4600822440087146,0.9986874130737134,0.748054068196105,0.747319321405277,417451,0.1136849128540305,0.24709693611187733,0.7529030638881227,4.123105525970459,9.110433578491211,6.7082037925720215,16.0,0.054088763892650604,0.16934873163700104,26,0.9971072946842174,0.9996353782536276,0.0,0
3dfront_0003_01,smooth100_thr002,0.02,1.0,0,0,0,160x153x150,1.0,0.1022024154663086,0.1022024154663086,0.5500088274478908,1577173,0.4295133442265795,0.9913626880768744,0.7954168629566953,0.7899424659483674,428908,0.11680501089324619,0.2719473386876392,0.7280526613123608,3.7416574954986572,8.246211051940918,6.7082037925720215,16.0,0.06337874382734299,0.18765878155827495,35,0.9975658979706095,0.9997121431827707,0.0,0
3dfront_0003_01,smooth100_thr001_min64,0.01,1.0,0,0,64,160x153x150,1.0,0.1022024154663086,0.1022024154663086,0.5500088274478908,1689208,0.4600239651416122,0.9985854722468074,0.7480724694649801,0.747280599977055,417239,0.11362717864923748,0.24700273737751657,0.7529972626224835,4.123105525970459,9.110433578491211,6.78233003616333,16.0,0.05411173403263092,0.16938151419162745,26,0.9971072946842174,0.9996353782536276,0.00012667054175925256,214
3dfront_0003_01,smooth100_thr001_min256,0.01,1.0,0,0,256,160x153x150,1.0,0.1022024154663086,0.1022024154663086,0.5500088274478908,1688806,0.4599144880174292,0.99847958022506,0.7481711931388212,0.7473197967741745,416874,0.11352777777777778,0.2468454043862942,0.7531545956137058,4.123105525970459,9.110433578491211,7.0,16.0,0.05414062738418579,0.16945697069168084,26,0.9971072946842174,0.9996353782536276,0.000364621746372428,616
3dfront_0003_01,smooth100_thr001_close1_min64,0.01,1.0,1,0,64,160x153x150,1.0,0.1022024154663086,0.1022024154663086,0.5500088274478908,1596668,0.434822440087146,0.9319051081046908,0.7385818466957439,0.7007626402541421,366196,0.09972657952069716,0.2293501216282909,0.7706498783717091,3.0,7.280109882354736,6.324555397033691,16.0,0.05166484788060188,0.1578538529574871,20,0.9970723263764293,0.999793340685395,0.00010207717660791906,163
3dfront_1013_00,raw_thr001,0.01,0.0,0,0,0,142x160x147,1.0,0.08529650419950485,0.08529650419950485,0.5200507313013074,1205880,0.36105921241736133,1.0,1.0,1.0,956214,0.2863053319919517,0.792959498457558,0.20704050154244202,1.0,2.4494898319244385,2.2360680103302,10.0,0.1865592747926712,0.490515024960041,1858,0.9952715029687863,0.9955783328357714,0.0,0
3dfront_1013_00,smooth075_thr001,0.01,0.75,0,0,0,142x160x147,1.0,0.08529650419950485,0.08529648184776306,0.4085566207766532,1748804,0.5236190955255342,0.9951139416857399,0.6861763811153222,0.6838723060860684,705331,0.21118706285331035,0.4033219274429839,0.5966780725570161,2.2360680103302,5.385164737701416,3.0,11.87434196472168,0.060985662043094635,0.16909480094909668,461,0.9970162465319156,0.9977630426279903,0.0,0
3dfront_1013_00,smooth100_thr001,0.01,1.0,0,0,0,142x160x147,1.0,0.08529650419950485,0.08529648184776306,0.38084069192409503,1887665,0.5651962369454824,0.9935574020632235,0.6347053105291458,0.6321037820361985,606428,0.1815739676152151,0.32125827411113733,0.6787417258888626,3.0,6.4031243324279785,3.316624879837036,13.03840446472168,0.041084498167037964,0.10991072952747345,162,0.9982353860457231,0.9988917525090522,0.0,0
3dfront_1013_00,smooth100_thr002,0.02,1.0,0,0,0,142x160x147,1.0,0.08529650419950485,0.08529648184776306,0.38084069192409503,1678132,0.5024588004215771,0.9767580522108336,0.7018834036893403,0.6903535954151987,633997,0.18982855466130114,0.3777992434444966,0.6222007565555034,2.4494898319244385,5.656854152679443,3.1622776985168457,13.34166431427002,0.05303147807717323,0.1279630184173584,154,0.9979810884960182,0.9985543449502184,0.0,0
3dfront_1013_00,smooth100_thr001_min64,0.01,1.0,0,0,64,142x160x147,1.0,0.08529650419950485,0.08529648184776306,0.38084069192409503,1886403,0.5648183745329117,0.9929934985238995,0.6347694527627448,0.6319390643701989,605169,0.18119700344926704,0.3208057875226025,0.6791942124773975,3.0,6.4031243324279785,3.605551242828369,13.638181686401367,0.04115259647369385,0.10999040305614467,162,0.9982353860457231,0.9988917525090522,0.0006685508286692819,1262
3dfront_1013_00,smooth100_thr001_min256,0.01,1.0,0,0,256,142x160x147,1.0,0.08529650419950485,0.08529648184776306,0.38084069192409503,1885343,0.5645009940595956,0.9926543271303944,0.6349094037530572,0.6319403273464643,604178,0.18090028264827057,0.3204605209768196,0.6795394790231803,3.0,6.4031243324279785,3.605551242828369,13.928388595581055,0.0411946102976799,0.11003779135644437,162,0.9982353860457231,0.9988917525090522,0.0012300911443502952,2322
3dfront_1013_00,smooth100_thr001_close1_min64,0.01,1.0,1,0,64,142x160x147,1.0,0.08529650419950485,0.08529648184776306,0.38084069192409503,1876583,0.561878113921625,0.9341543105449962,0.6002814690317455,0.5759134144689249,462543,0.13849256251796493,0.2464815038823223,0.7535184961176777,3.0,6.324555397033691,3.316624879837036,13.601470947265625,0.03852825611829758,0.11263513863086694,79,0.9993575175244287,0.9997277706923574,0.0002722293076425581,511
3dfront_1005_01,raw_thr001,0.01,0.0,0,0,0,132x160x126,1.0,0.06285572797060013,0.06285572797060013,0.36108609139919273,790782,0.2971613455988456,1.0,1.0,1.0,400053,0.15033256673881673,0.5058954300932494,0.49410456990675056,2.2360680103302,5.385164737701416,6.4031243324279785,16.0,0.11332549899816513,0.418326699733734,1093,0.9952388901113075,0.9962075515123004,0.0,0
3dfront_1005_01,smooth075_thr001,0.01,0.75,0,0,0,132x160x126,1.0,0.06285572797060013,0.06285575032234192,0.35206313282251356,951001,0.3573687018999519,0.9963061880518271,0.8284544390594752,0.8259176326785628,304404,0.11438943001443001,0.32008799149527706,0.679912008504723,3.605551242828369,8.124038696289062,8.485280990600586,16.0,0.056361597031354904,0.1844047725200651,260,0.9973796031760219,0.9987791810944467,0.0,0
3dfront_1005_01,smooth100_thr001,0.01,1.0,0,0,0,132x160x126,1.0,0.06285572797060013,0.06285573542118073,0.346199245750904,989323,0.37176940536315534,0.9936708220470369,0.7942572850322898,0.7902593510390937,278750,0.10474912818662818,0.28175833372922693,0.7182416662707731,4.123105525970459,9.165151596069336,9.110433578491211,16.0,0.04292960464954376,0.13153483569622038,71,0.9979470809836626,0.999506733392431,0.0,0
3dfront_1005_01,smooth100_thr002,0.02,1.0,0,0,0,132x160x126,1.0,0.06285572797060013,0.06285573542118073,0.346199245750904,909758,0.3418703403078403,0.9800905938678423,0.8519166635522853,0.8374244464085436,283894,0.10668214886964887,0.3120544144706614,0.6879455855293386,3.7416574954986572,8.124038696289062,9.433980941772461,16.0,0.04922958090901375,0.14302878677844982,48,0.9943314595749639,0.9994910734503022,0.0,0
3dfront_1005_01,smooth100_thr001_min64,0.01,1.0,0,0,64,132x160x126,1.0,0.06285572797060013,0.06285573542118073,0.346199245750904,988794,0.3715706168831169,0.9932244284771277,0.7943252082840309,0.7900441783550202,278223,0.10455109126984127,0.2813761005831346,0.7186238994168654,4.123105525970459,9.165151596069336,9.380831718444824,16.0,0.04299459233880043,0.13159491717815397,71,0.9979470809836626,0.999506733392431,0.0005347090889426405,529
3dfront_1005_01,smooth100_thr001_min256,0.01,1.0,0,0,256,132x160x126,1.0,0.06285572797060013,0.06285573542118073,0.346199245750904,988704,0.37153679653679655,0.9932004016277558,0.7943782972456873,0.7900814923532388,278138,0.10451914983164984,0.28131574262873416,0.7186842573712658,4.123105525970459,9.165151596069336,9.433980941772461,16.0,0.04299769923090935,0.13161267489194867,71,0.9979470809836626,0.999506733392431,0.0006256803895188933,619
3dfront_1005_01,smooth100_thr001_close1_min64,0.01,1.0,1,0,64,132x160x126,1.0,0.06285572797060013,0.06285573542118073,0.346199245750904,902830,0.3392669252044252,0.8720848476571292,0.7638525525292691,0.6868931047637261,246773,0.09273275913900914,0.27333274259827434,0.7266672574017257,3.0,6.082762718200684,8.774964332580566,16.0,0.042967624962329865,0.131183460354805,33,0.9981561747658397,0.9998372118261732,0.00020376206791921278,184
